url	defect	evidence	fix_layer
https://progressivemartialarts.com.au/	off-brand-suffix	PMAAI	Yoast title template / per-page SEO title
https://progressivemartialarts.com.au/grappling-bjj/	off-brand-suffix	Progressive Martial Arts Academy	Yoast title template / per-page SEO title
https://progressivemartialarts.com.au/guro-dan-and-sifu-francis-2022-seminar-photos/	off-brand-suffix	PMA	Yoast title template / per-page SEO title
https://progressivemartialarts.com.au/historical-pictures-from-various-classes/	off-brand-suffix	PMA	Yoast title template / per-page SEO title
https://progressivemartialarts.com.au/latest-news/	off-brand-suffix	Progressive Martial Arts Australia	Yoast title template / per-page SEO title
https://progressivemartialarts.com.au/muay-thai/	term-variant:muay-thai	Muay Thai Brisbane | Thai Boxing	post_title
https://progressivemartialarts.com.au/pictures-master-jean-jacques-machado-seminar-2023/	off-brand-suffix	PMA	Yoast title template / per-page SEO title
https://progressivemartialarts.com.au/product-category/seminar/	off-brand-suffix	Progressive Martial Arts Australia	Yoast title template / per-page SEO title
https://progressivemartialarts.com.au/product-tag/brazilian-jiu-jitsu-bjj/	term-variant:bjj-hyphen	Brazilian Jiu Jitsu/BJJ Archives	post_title
https://progressivemartialarts.com.au/product-tag/brazilian-jiu-jitsu/	term-variant:bjj-hyphen	Brazilian Jiu Jitsu Archives	post_title
https://progressivemartialarts.com.au/product-tag/muay-thai-thai-boxing/	term-variant:muay-thai	Muay Thai-Thai Boxing Archives	post_title
https://progressivemartialarts.com.au/product/aluminum-training-dagger-large-carbon-fibre-knife/	off-brand-suffix	Progressive Martial Arts Australia	Yoast title template / per-page SEO title
https://progressivemartialarts.com.au/product/long-pants-progressive-martial-arts/	doubled-brand-suffix	Long Pants - Progressive Martial Arts - Progressive Martial Arts	post_title (brand hand-typed into product name)
https://progressivemartialarts.com.au/product/rash-guard-jean-jacques-machado-short-sleeve/	off-brand-suffix	PMA	Yoast title template / per-page SEO title
https://progressivemartialarts.com.au/product/shorts-thai-boxing-shorts-revgear-various-colours/	term-variant:muay-thai	Shorts - Thai Boxing Shorts - Revgear - Various Colours	post_title
https://progressivemartialarts.com.au/product/singlet-ladies-progressive-martial-arts/	doubled-brand-suffix	Singlet - Ladies - Progressive Martial Arts - Progressive Martial Arts	post_title (brand hand-typed into product name)
https://progressivemartialarts.com.au/product/t-shirt-jean-jacques-machado-academia-de-jiu-jitsu-2/	term-variant:bjj-hyphen	Jean Jacques Machado Jiu Jitsu T-Shirt | Buy Today	post_title
https://progressivemartialarts.com.au/product/t-shirt-progressive-martial-arts/	doubled-brand-suffix	T-Shirt - Progressive Martial Arts - Progressive Martial Arts	post_title (brand hand-typed into product name)
https://progressivemartialarts.com.au/product/t-shirt-thai-boxing-association-classic/	off-brand-suffix	PMA	Yoast title template / per-page SEO title
https://progressivemartialarts.com.au/tag/brazilian-jiu-jitsu/	term-variant:bjj-hyphen	Brazilian Jiu Jitsu Archives	post_title
https://progressivemartialarts.com.au/thai-boxing/	term-variant:muay-thai	Thai Boxing	post_title
