page	action
https://progressivemartialarts.com.au/	https://progressivemartialarts.com.au/
https://progressivemartialarts.com.au/?s=test	https://progressivemartialarts.com.au/
https://progressivemartialarts.com.au/author/15ef25c842b4a4bf/	https://progressivemartialarts.com.au/
https://progressivemartialarts.com.au/author/7afa0b863b49dcc6/	https://progressivemartialarts.com.au/
https://progressivemartialarts.com.au/blog/	https://progressivemartialarts.com.au
https://progressivemartialarts.com.au/blog/	https://progressivemartialarts.com.au/
https://progressivemartialarts.com.au/brand/iama/	https://progressivemartialarts.com.au/
https://progressivemartialarts.com.au/brand/jj-machado/	https://progressivemartialarts.com.au/
https://progressivemartialarts.com.au/brand/lameco/	https://progressivemartialarts.com.au/
https://progressivemartialarts.com.au/brand/morgan/	https://progressivemartialarts.com.au/
https://progressivemartialarts.com.au/brand/progressive/	https://progressivemartialarts.com.au/
https://progressivemartialarts.com.au/brand/punch/	https://progressivemartialarts.com.au/
https://progressivemartialarts.com.au/brand/revgear/	https://progressivemartialarts.com.au/
https://progressivemartialarts.com.au/brand/sharkee/	https://progressivemartialarts.com.au/
https://progressivemartialarts.com.au/brand/wtba/	https://progressivemartialarts.com.au/
https://progressivemartialarts.com.au/category/news/	https://progressivemartialarts.com.au
https://progressivemartialarts.com.au/category/news/	https://progressivemartialarts.com.au/
https://progressivemartialarts.com.au/category/seminar/	https://progressivemartialarts.com.au
https://progressivemartialarts.com.au/category/seminar/	https://progressivemartialarts.com.au/
https://progressivemartialarts.com.au/category/uncategorized/	https://progressivemartialarts.com.au
https://progressivemartialarts.com.au/category/uncategorized/	https://progressivemartialarts.com.au/
https://progressivemartialarts.com.au/certified-instructors-under-guro-daniel-inosanto/	https://progressivemartialarts.com.au/
https://progressivemartialarts.com.au/checkout/	https://progressivemartialarts.com.au/
https://progressivemartialarts.com.au/contact/	https://progressivemartialarts.com.au/
https://progressivemartialarts.com.au/contact/	https://progressivemartialarts.com.au/contact/
https://progressivemartialarts.com.au/courses/hair-advanced-cource/	https://progressivemartialarts.com.au/
https://progressivemartialarts.com.au/courses/hair-advanced-cource/	https://progressivemartialarts.com.au/courses/hair-advanced-cource/
https://progressivemartialarts.com.au/courses/hair-basic-cource/	https://progressivemartialarts.com.au/
https://progressivemartialarts.com.au/courses/hair-basic-cource/	https://progressivemartialarts.com.au/courses/hair-basic-cource/
https://progressivemartialarts.com.au/courses/makeup-basic-cource/	https://progressivemartialarts.com.au/
https://progressivemartialarts.com.au/courses/makeup-basic-cource/	https://progressivemartialarts.com.au/courses/makeup-basic-cource/
https://progressivemartialarts.com.au/courses/nail-basic-cource/	https://progressivemartialarts.com.au/
https://progressivemartialarts.com.au/courses/nail-basic-cource/	https://progressivemartialarts.com.au/courses/nail-basic-cource/
https://progressivemartialarts.com.au/grappling-bjj/	https://progressivemartialarts.com.au/
https://progressivemartialarts.com.au/guro-dan-and-sifu-francis-2022-seminar-photos/	https://progressivemartialarts.com.au/
https://progressivemartialarts.com.au/guro-dan/	https://progressivemartialarts.com.au/
https://progressivemartialarts.com.au/historical-pictures-from-various-classes/	https://progressivemartialarts.com.au/
https://progressivemartialarts.com.au/home-1-boxer/	https://progressivemartialarts.com.au/
https://progressivemartialarts.com.au/jeet-kune-do-concepts/	https://progressivemartialarts.com.au/
https://progressivemartialarts.com.au/kali/	https://progressivemartialarts.com.au/
https://progressivemartialarts.com.au/latest-news/	https://progressivemartialarts.com.au/
https://progressivemartialarts.com.au/lee-jun-fan-gung-fu/	https://progressivemartialarts.com.au/
https://progressivemartialarts.com.au/links/	https://progressivemartialarts.com.au/
https://progressivemartialarts.com.au/mini-muscles/	https://progressivemartialarts.com.au/
https://progressivemartialarts.com.au/muay-thai/	https://progressivemartialarts.com.au/
https://progressivemartialarts.com.au/photos-of-cookie-with-other-instructors/	https://progressivemartialarts.com.au/
https://progressivemartialarts.com.au/pictures-from-earlier-seminars/	https://progressivemartialarts.com.au/
https://progressivemartialarts.com.au/pictures-master-jean-jacques-machado-seminar-2023/	https://progressivemartialarts.com.au/
https://progressivemartialarts.com.au/pmaai-history/	https://progressivemartialarts.com.au/
https://progressivemartialarts.com.au/pmaai-instructors-and-support-crew/	https://progressivemartialarts.com.au/
https://progressivemartialarts.com.au/product-category/ankle-guards/	https://progressivemartialarts.com.au/
https://progressivemartialarts.com.au/product-category/bag/	https://progressivemartialarts.com.au/
https://progressivemartialarts.com.au/product-category/book/	https://progressivemartialarts.com.au/
https://progressivemartialarts.com.au/product-category/calendar/	https://progressivemartialarts.com.au/
https://progressivemartialarts.com.au/product-category/dvd/	https://progressivemartialarts.com.au/
https://progressivemartialarts.com.au/product-category/focus-mitts/	https://progressivemartialarts.com.au/
https://progressivemartialarts.com.au/product-category/gis/	https://progressivemartialarts.com.au/
https://progressivemartialarts.com.au/product-category/gloves/	https://progressivemartialarts.com.au/
https://progressivemartialarts.com.au/product-category/hats/	https://progressivemartialarts.com.au/
https://progressivemartialarts.com.au/product-category/hoodies-and-jackets/	https://progressivemartialarts.com.au/
https://progressivemartialarts.com.au/product-category/kids-hoodies/	https://progressivemartialarts.com.au/
https://progressivemartialarts.com.au/product-category/mini-muscles/	https://progressivemartialarts.com.au/
https://progressivemartialarts.com.au/product-category/pants/	https://progressivemartialarts.com.au/
https://progressivemartialarts.com.au/product-category/patches/	https://progressivemartialarts.com.au/
https://progressivemartialarts.com.au/product-category/posters/	https://progressivemartialarts.com.au/
https://progressivemartialarts.com.au/product-category/rash-guards/	https://progressivemartialarts.com.au/
https://progressivemartialarts.com.au/product-category/seminar/	https://progressivemartialarts.com.au/
https://progressivemartialarts.com.au/product-category/shorts/	https://progressivemartialarts.com.au/
https://progressivemartialarts.com.au/product-category/singlets/	https://progressivemartialarts.com.au/
https://progressivemartialarts.com.au/product-category/t-shirts/	https://progressivemartialarts.com.au/
https://progressivemartialarts.com.au/product-category/thai-pads/	https://progressivemartialarts.com.au/
https://progressivemartialarts.com.au/product-category/towel/	https://progressivemartialarts.com.au/
https://progressivemartialarts.com.au/product-category/training-equipment/	https://progressivemartialarts.com.au/
https://progressivemartialarts.com.au/product-category/wraps/	https://progressivemartialarts.com.au/
https://progressivemartialarts.com.au/product-tag/accessories/	https://progressivemartialarts.com.au/
https://progressivemartialarts.com.au/product-tag/ajarn-chai-sirisute/	https://progressivemartialarts.com.au/
https://progressivemartialarts.com.au/product-tag/ajarn-dan-inosanto/	https://progressivemartialarts.com.au/
https://progressivemartialarts.com.au/product-tag/all-dvd/	https://progressivemartialarts.com.au/
https://progressivemartialarts.com.au/product-tag/aluminium/	https://progressivemartialarts.com.au/
https://progressivemartialarts.com.au/product-tag/aluminum-training-dagger/	https://progressivemartialarts.com.au/
https://progressivemartialarts.com.au/product-tag/aluminum-training-sword/	https://progressivemartialarts.com.au/
https://progressivemartialarts.com.au/product-tag/angels/	https://progressivemartialarts.com.au/
https://progressivemartialarts.com.au/product-tag/anklets/	https://progressivemartialarts.com.au/
https://progressivemartialarts.com.au/product-tag/area-3/	https://progressivemartialarts.com.au/
https://progressivemartialarts.com.au/product-tag/area-8/	https://progressivemartialarts.com.au/
https://progressivemartialarts.com.au/product-tag/arnis/	https://progressivemartialarts.com.au/
https://progressivemartialarts.com.au/product-tag/axe/	https://progressivemartialarts.com.au/
https://progressivemartialarts.com.au/product-tag/bags/	https://progressivemartialarts.com.au/
https://progressivemartialarts.com.au/product-tag/baston/	https://progressivemartialarts.com.au/
https://progressivemartialarts.com.au/product-tag/bersilat/	https://progressivemartialarts.com.au/
https://progressivemartialarts.com.au/product-tag/bjj/	https://progressivemartialarts.com.au/
https://progressivemartialarts.com.au/product-tag/blades/	https://progressivemartialarts.com.au/
https://progressivemartialarts.com.au/product-tag/book/	https://progressivemartialarts.com.au/
https://progressivemartialarts.com.au/product-tag/boxing-gloves/	https://progressivemartialarts.com.au/
https://progressivemartialarts.com.au/product-tag/boxing/	https://progressivemartialarts.com.au/
https://progressivemartialarts.com.au/product-tag/brazilian-jiu-jitsu-bjj/	https://progressivemartialarts.com.au/
https://progressivemartialarts.com.au/product-tag/brazilian-jiu-jitsu/	https://progressivemartialarts.com.au/
https://progressivemartialarts.com.au/product-tag/bruce-lee/	https://progressivemartialarts.com.au/
https://progressivemartialarts.com.au/product-tag/cambodian-kickboxing/	https://progressivemartialarts.com.au/
https://progressivemartialarts.com.au/product-tag/cane/	https://progressivemartialarts.com.au/
https://progressivemartialarts.com.au/product-tag/carlos-machado/	https://progressivemartialarts.com.au/
https://progressivemartialarts.com.au/product-tag/catch/	https://progressivemartialarts.com.au/
https://progressivemartialarts.com.au/product-tag/cd/	https://progressivemartialarts.com.au/
https://progressivemartialarts.com.au/product-tag/chi-sao/	https://progressivemartialarts.com.au/
https://progressivemartialarts.com.au/product-tag/combat-submission-wrestling-csw/	https://progressivemartialarts.com.au/
https://progressivemartialarts.com.au/product-tag/cotton/	https://progressivemartialarts.com.au/
https://progressivemartialarts.com.au/product-tag/definitive-dvd/	https://progressivemartialarts.com.au/
https://progressivemartialarts.com.au/product-tag/deshon/	https://progressivemartialarts.com.au/
https://progressivemartialarts.com.au/product-tag/dirty-boxing/	https://progressivemartialarts.com.au/
https://progressivemartialarts.com.au/product-tag/double-stick/	https://progressivemartialarts.com.au/
https://progressivemartialarts.com.au/product-tag/drums/	https://progressivemartialarts.com.au/
https://progressivemartialarts.com.au/product-tag/duffle-bag/	https://progressivemartialarts.com.au/
https://progressivemartialarts.com.au/product-tag/empty-hand/	https://progressivemartialarts.com.au/
https://progressivemartialarts.com.au/product-tag/escrima/	https://progressivemartialarts.com.au/
https://progressivemartialarts.com.au/product-tag/eskrima-sticks/	https://progressivemartialarts.com.au/
https://progressivemartialarts.com.au/product-tag/eskrima/	https://progressivemartialarts.com.au/
https://progressivemartialarts.com.au/product-tag/ffia/	https://progressivemartialarts.com.au/
https://progressivemartialarts.com.au/product-tag/filipino-american-history/	https://progressivemartialarts.com.au/
https://progressivemartialarts.com.au/product-tag/filipino-boxing/	https://progressivemartialarts.com.au/
https://progressivemartialarts.com.au/product-tag/filipino-martial-art/	https://progressivemartialarts.com.au/
https://progressivemartialarts.com.au/product-tag/filipino-martial-arts-fma/	https://progressivemartialarts.com.au/
https://progressivemartialarts.com.au/product-tag/filipino-martial-arts/	https://progressivemartialarts.com.au/
https://progressivemartialarts.com.au/product-tag/fma/	https://progressivemartialarts.com.au/
https://progressivemartialarts.com.au/product-tag/focus-mitts/	https://progressivemartialarts.com.au/
https://progressivemartialarts.com.au/product-tag/focus-paddles/	https://progressivemartialarts.com.au/
https://progressivemartialarts.com.au/product-tag/fong-dvd/	https://progressivemartialarts.com.au/
https://progressivemartialarts.com.au/product-tag/gi-patch-kit/	https://progressivemartialarts.com.au/
https://progressivemartialarts.com.au/product-tag/gi-patch/	https://progressivemartialarts.com.au/
https://progressivemartialarts.com.au/product-tag/grappling/	https://progressivemartialarts.com.au/
https://progressivemartialarts.com.au/product-tag/gung-fu/	https://progressivemartialarts.com.au/
https://progressivemartialarts.com.au/product-tag/guro-dan-inosanto/	https://progressivemartialarts.com.au/
https://progressivemartialarts.com.au/product-tag/guru-dan-inosanto/	https://progressivemartialarts.com.au/
https://progressivemartialarts.com.au/product-tag/guru/	https://progressivemartialarts.com.au/
https://progressivemartialarts.com.au/product-tag/hoodie/	https://progressivemartialarts.com.au/
https://progressivemartialarts.com.au/product-tag/hoodies/	https://progressivemartialarts.com.au/
https://progressivemartialarts.com.au/product-tag/ikat/	https://progressivemartialarts.com.au/
https://progressivemartialarts.com.au/product-tag/indonesia/	https://progressivemartialarts.com.au/
https://progressivemartialarts.com.au/product-tag/indonesian/	https://progressivemartialarts.com.au/
https://progressivemartialarts.com.au/product-tag/inosanto-academy/	https://progressivemartialarts.com.au/
https://progressivemartialarts.com.au/product-tag/inosanto-dvd/	https://progressivemartialarts.com.au/
https://progressivemartialarts.com.au/product-tag/inosanto/	https://progressivemartialarts.com.au/
https://progressivemartialarts.com.au/product-tag/jean-jacques-machado/	https://progressivemartialarts.com.au/
https://progressivemartialarts.com.au/product-tag/jeet-kune-do/	https://progressivemartialarts.com.au/
https://progressivemartialarts.com.au/product-tag/jkd/	https://progressivemartialarts.com.au/
https://progressivemartialarts.com.au/product-tag/john-lacoste/	https://progressivemartialarts.com.au/
https://progressivemartialarts.com.au/product-tag/john-machado/	https://progressivemartialarts.com.au/
https://progressivemartialarts.com.au/product-tag/jun-fan-gung-fu-jkd/	https://progressivemartialarts.com.au/
https://progressivemartialarts.com.au/product-tag/jun-fan-gung-fu/	https://progressivemartialarts.com.au/
https://progressivemartialarts.com.au/product-tag/kali/	https://progressivemartialarts.com.au/
https://progressivemartialarts.com.au/product-tag/kamot-lihok/	https://progressivemartialarts.com.au/
https://progressivemartialarts.com.au/product-tag/kapulubad/	https://progressivemartialarts.com.au/
https://progressivemartialarts.com.au/product-tag/keris/	https://progressivemartialarts.com.au/
https://progressivemartialarts.com.au/product-tag/kick-boxing/	https://progressivemartialarts.com.au/
https://progressivemartialarts.com.au/product-tag/kickboxing/	https://progressivemartialarts.com.au/
https://progressivemartialarts.com.au/product-tag/kicking-shield/	https://progressivemartialarts.com.au/
https://progressivemartialarts.com.au/product-tag/knife/	https://progressivemartialarts.com.au/
https://progressivemartialarts.com.au/product-tag/krabi-krabong/	https://progressivemartialarts.com.au/
https://progressivemartialarts.com.au/product-tag/kris/	https://progressivemartialarts.com.au/
https://progressivemartialarts.com.au/product-tag/kun-khmer-pradal-serey/	https://progressivemartialarts.com.au/
https://progressivemartialarts.com.au/product-tag/ladies/	https://progressivemartialarts.com.au/
https://progressivemartialarts.com.au/product-tag/lameco-eskrima/	https://progressivemartialarts.com.au/
https://progressivemartialarts.com.au/product-tag/lameco-padded-dagger/	https://progressivemartialarts.com.au/
https://progressivemartialarts.com.au/product-tag/lameco-padded-sticks/	https://progressivemartialarts.com.au/
https://progressivemartialarts.com.au/product-tag/lameco/	https://progressivemartialarts.com.au/
https://progressivemartialarts.com.au/product-tag/layog/	https://progressivemartialarts.com.au/
https://progressivemartialarts.com.au/product-tag/legends-dvd/	https://progressivemartialarts.com.au/
https://progressivemartialarts.com.au/product-tag/legends/	https://progressivemartialarts.com.au/
https://progressivemartialarts.com.au/product-tag/little-dragons/	https://progressivemartialarts.com.au/
https://progressivemartialarts.com.au/product-tag/long-sleeve/	https://progressivemartialarts.com.au/
https://progressivemartialarts.com.au/product-tag/madjapahit-martial-arts/	https://progressivemartialarts.com.au/
https://progressivemartialarts.com.au/product-tag/majapahit/	https://progressivemartialarts.com.au/
https://progressivemartialarts.com.au/product-tag/malong/	https://progressivemartialarts.com.au/
https://progressivemartialarts.com.au/product-tag/mande-muda-pencak-silat/	https://progressivemartialarts.com.au/
https://progressivemartialarts.com.au/product-tag/mande-muda/	https://progressivemartialarts.com.au/
https://progressivemartialarts.com.au/product-tag/maphilindo-silat/	https://progressivemartialarts.com.au/
https://progressivemartialarts.com.au/product-tag/mini-muscles/	https://progressivemartialarts.com.au/
https://progressivemartialarts.com.au/product-tag/mma/	https://progressivemartialarts.com.au/
https://progressivemartialarts.com.au/product-tag/muay-thai-thai-boxing/	https://progressivemartialarts.com.au/
https://progressivemartialarts.com.au/product-tag/muay-thai/	https://progressivemartialarts.com.au/
https://progressivemartialarts.com.au/product-tag/nempel-kaki/	https://progressivemartialarts.com.au/
https://progressivemartialarts.com.au/product-tag/other-dvd/	https://progressivemartialarts.com.au/
https://progressivemartialarts.com.au/product-tag/oumry-ban/	https://progressivemartialarts.com.au/
https://progressivemartialarts.com.au/product-tag/panantukan/	https://progressivemartialarts.com.au/
https://progressivemartialarts.com.au/product-tag/pangamut/	https://progressivemartialarts.com.au/
https://progressivemartialarts.com.au/product-tag/patches/	https://progressivemartialarts.com.au/
https://progressivemartialarts.com.au/product-tag/pencak-silat/	https://progressivemartialarts.com.au/
https://progressivemartialarts.com.au/product-tag/pendekar-herman-suwanda/	https://progressivemartialarts.com.au/
https://progressivemartialarts.com.au/product-tag/pentjak-silat/	https://progressivemartialarts.com.au/
https://progressivemartialarts.com.au/product-tag/philosophy/	https://progressivemartialarts.com.au/
https://progressivemartialarts.com.au/product-tag/professor-dan-inosanto/	https://progressivemartialarts.com.au/
https://progressivemartialarts.com.au/product-tag/professor-jean-jacques-machado/	https://progressivemartialarts.com.au/
https://progressivemartialarts.com.au/product-tag/progressive-martial-arts/	https://progressivemartialarts.com.au/
https://progressivemartialarts.com.au/product-tag/punong-guro-edgar-sulite/	https://progressivemartialarts.com.au/
https://progressivemartialarts.com.au/product-tag/racerback/	https://progressivemartialarts.com.au/
https://progressivemartialarts.com.au/product-tag/rashguard/	https://progressivemartialarts.com.au/
https://progressivemartialarts.com.au/product-tag/rattan-sticks/	https://progressivemartialarts.com.au/
https://progressivemartialarts.com.au/product-tag/regino-ilustrisimo/	https://progressivemartialarts.com.au/
https://progressivemartialarts.com.au/product-tag/rigan-machado/	https://progressivemartialarts.com.au/
https://progressivemartialarts.com.au/product-tag/roger-machado/	https://progressivemartialarts.com.au/
https://progressivemartialarts.com.au/product-tag/sarong/	https://progressivemartialarts.com.au/
https://progressivemartialarts.com.au/product-tag/seama/	https://progressivemartialarts.com.au/
https://progressivemartialarts.com.au/product-tag/self-defence/	https://progressivemartialarts.com.au/
https://progressivemartialarts.com.au/product-tag/self-defense/	https://progressivemartialarts.com.au/
https://progressivemartialarts.com.au/product-tag/shield/	https://progressivemartialarts.com.au/
https://progressivemartialarts.com.au/product-tag/shoot-wrestling/	https://progressivemartialarts.com.au/
https://progressivemartialarts.com.au/product-tag/shooto/	https://progressivemartialarts.com.au/
https://progressivemartialarts.com.au/product-tag/shorts/	https://progressivemartialarts.com.au/
https://progressivemartialarts.com.au/product-tag/sifu-bruce-lee/	https://progressivemartialarts.com.au/
https://progressivemartialarts.com.au/product-tag/sifu-dan-inosanto/	https://progressivemartialarts.com.au/
https://progressivemartialarts.com.au/product-tag/sifu-francis-fong/	https://progressivemartialarts.com.au/
https://progressivemartialarts.com.au/product-tag/sifu-taky-kimura/	https://progressivemartialarts.com.au/
https://progressivemartialarts.com.au/product-tag/sifu/	https://progressivemartialarts.com.au/
https://progressivemartialarts.com.au/product-tag/singlet/	https://progressivemartialarts.com.au/
https://progressivemartialarts.com.au/product-tag/southeast-asian/	https://progressivemartialarts.com.au/
https://progressivemartialarts.com.au/product-tag/spear/	https://progressivemartialarts.com.au/
https://progressivemartialarts.com.au/product-tag/staff/	https://progressivemartialarts.com.au/
https://progressivemartialarts.com.au/product-tag/stick-and-dagger/	https://progressivemartialarts.com.au/
https://progressivemartialarts.com.au/product-tag/stick-dagger/	https://progressivemartialarts.com.au/
https://progressivemartialarts.com.au/product-tag/stick/	https://progressivemartialarts.com.au/
https://progressivemartialarts.com.au/product-tag/sticks/	https://progressivemartialarts.com.au/
https://progressivemartialarts.com.au/product-tag/sticky-hands/	https://progressivemartialarts.com.au/
https://progressivemartialarts.com.au/product-tag/stockton-california-usa/	https://progressivemartialarts.com.au/
https://progressivemartialarts.com.au/product-tag/sulite-dvd/	https://progressivemartialarts.com.au/
https://progressivemartialarts.com.au/product-tag/sweatpants/	https://progressivemartialarts.com.au/
https://progressivemartialarts.com.au/product-tag/sword/	https://progressivemartialarts.com.au/
https://progressivemartialarts.com.au/product-tag/t-shirt/	https://progressivemartialarts.com.au/
https://progressivemartialarts.com.au/product-tag/tba-wtba/	https://progressivemartialarts.com.au/
https://progressivemartialarts.com.au/product-tag/thai-chi/	https://progressivemartialarts.com.au/
https://progressivemartialarts.com.au/product-tag/thai-pads/	https://progressivemartialarts.com.au/
https://progressivemartialarts.com.au/product-tag/thumpas/	https://progressivemartialarts.com.au/
https://progressivemartialarts.com.au/product-tag/towels/	https://progressivemartialarts.com.au/
https://progressivemartialarts.com.au/product-tag/training-dagger/	https://progressivemartialarts.com.au/
https://progressivemartialarts.com.au/product-tag/training-equipment/	https://progressivemartialarts.com.au/
https://progressivemartialarts.com.au/product-tag/training-music/	https://progressivemartialarts.com.au/
https://progressivemartialarts.com.au/product-tag/trapping/	https://progressivemartialarts.com.au/
https://progressivemartialarts.com.au/product-tag/triangle-gi/	https://progressivemartialarts.com.au/
https://progressivemartialarts.com.au/product-tag/weapon/	https://progressivemartialarts.com.au/
https://progressivemartialarts.com.au/product-tag/weapons/	https://progressivemartialarts.com.au/
https://progressivemartialarts.com.au/product-tag/wing-chun-kung-fu/	https://progressivemartialarts.com.au/
https://progressivemartialarts.com.au/product-tag/wing-chun/	https://progressivemartialarts.com.au/
https://progressivemartialarts.com.au/product-tag/women/	https://progressivemartialarts.com.au/
https://progressivemartialarts.com.au/product-tag/world-thai-boxing-association/	https://progressivemartialarts.com.au/
https://progressivemartialarts.com.au/product-tag/wraps/	https://progressivemartialarts.com.au/
https://progressivemartialarts.com.au/product-tag/wtba/	https://progressivemartialarts.com.au/
https://progressivemartialarts.com.au/product-tag/yoga-pants/	https://progressivemartialarts.com.au/
https://progressivemartialarts.com.au/product/10-urban-floor-to-ceiling-ball/	https://progressivemartialarts.com.au/
https://progressivemartialarts.com.au/product/10-urban-floor-to-ceiling-ball/	https://progressivemartialarts.com.au/product/10-urban-floor-to-ceiling-ball/
https://progressivemartialarts.com.au/product/aluminum-training-dagger-breast-cancer-awareness/	https://progressivemartialarts.com.au/
https://progressivemartialarts.com.au/product/aluminum-training-dagger-breast-cancer-awareness/	https://progressivemartialarts.com.au/product/aluminum-training-dagger-breast-cancer-awareness/
https://progressivemartialarts.com.au/product/aluminum-training-dagger-kris-dagger/	https://progressivemartialarts.com.au/
https://progressivemartialarts.com.au/product/aluminum-training-dagger-kris-dagger/	https://progressivemartialarts.com.au/product/aluminum-training-dagger-kris-dagger/
https://progressivemartialarts.com.au/product/aluminum-training-dagger-large-carbon-fibre-knife/	https://progressivemartialarts.com.au/
https://progressivemartialarts.com.au/product/aluminum-training-dagger-large-carbon-fibre-knife/	https://progressivemartialarts.com.au/product/aluminum-training-dagger-large-carbon-fibre-knife/
https://progressivemartialarts.com.au/product/aluminum-training-dagger-large-dipped-knives/	https://progressivemartialarts.com.au/
https://progressivemartialarts.com.au/product/aluminum-training-dagger-large-dipped-knives/	https://progressivemartialarts.com.au/product/aluminum-training-dagger-large-dipped-knives/
https://progressivemartialarts.com.au/product/aluminum-training-dagger-large-faded/	https://progressivemartialarts.com.au/
https://progressivemartialarts.com.au/product/aluminum-training-dagger-large-faded/	https://progressivemartialarts.com.au/product/aluminum-training-dagger-large-faded/
https://progressivemartialarts.com.au/product/aluminum-training-dagger-large-sand-camo/	https://progressivemartialarts.com.au/
https://progressivemartialarts.com.au/product/aluminum-training-dagger-large-sand-camo/	https://progressivemartialarts.com.au/product/aluminum-training-dagger-large-sand-camo/
https://progressivemartialarts.com.au/product/aluminum-training-dagger-medium-spattered-knives/	https://progressivemartialarts.com.au/
https://progressivemartialarts.com.au/product/aluminum-training-dagger-medium-spattered-knives/	https://progressivemartialarts.com.au/product/aluminum-training-dagger-medium-spattered-knives/
https://progressivemartialarts.com.au/product/aluminum-training-dagger-no-001-2/	https://progressivemartialarts.com.au/
https://progressivemartialarts.com.au/product/aluminum-training-dagger-no-001-2/	https://progressivemartialarts.com.au/product/aluminum-training-dagger-no-001-2/
https://progressivemartialarts.com.au/product/aluminum-training-dagger-no-002/	https://progressivemartialarts.com.au/
https://progressivemartialarts.com.au/product/aluminum-training-dagger-no-002/	https://progressivemartialarts.com.au/product/aluminum-training-dagger-no-002/
https://progressivemartialarts.com.au/product/aluminum-training-dagger-no-003/	https://progressivemartialarts.com.au/
https://progressivemartialarts.com.au/product/aluminum-training-dagger-no-003/	https://progressivemartialarts.com.au/product/aluminum-training-dagger-no-003/
https://progressivemartialarts.com.au/product/aluminum-training-dagger-no-004/	https://progressivemartialarts.com.au/
https://progressivemartialarts.com.au/product/aluminum-training-dagger-no-004/	https://progressivemartialarts.com.au/product/aluminum-training-dagger-no-004/
https://progressivemartialarts.com.au/product/aluminum-training-dagger-no-005-2/	https://progressivemartialarts.com.au/
https://progressivemartialarts.com.au/product/aluminum-training-dagger-no-005-2/	https://progressivemartialarts.com.au/product/aluminum-training-dagger-no-005-2/
https://progressivemartialarts.com.au/product/aluminum-training-dagger-no-006/	https://progressivemartialarts.com.au/
https://progressivemartialarts.com.au/product/aluminum-training-dagger-no-006/	https://progressivemartialarts.com.au/product/aluminum-training-dagger-no-006/
https://progressivemartialarts.com.au/product/aluminum-training-dagger-no-007/	https://progressivemartialarts.com.au/
https://progressivemartialarts.com.au/product/aluminum-training-dagger-no-007/	https://progressivemartialarts.com.au/product/aluminum-training-dagger-no-007/
https://progressivemartialarts.com.au/product/aluminum-training-dagger-orange-and-brown-lizard-scale/	https://progressivemartialarts.com.au/
https://progressivemartialarts.com.au/product/aluminum-training-dagger-orange-and-brown-lizard-scale/	https://progressivemartialarts.com.au/product/aluminum-training-dagger-orange-and-brown-lizard-scale/
https://progressivemartialarts.com.au/product/aluminum-training-karambit/	https://progressivemartialarts.com.au/
https://progressivemartialarts.com.au/product/aluminum-training-karambit/	https://progressivemartialarts.com.au/product/aluminum-training-karambit/
https://progressivemartialarts.com.au/product/aluminum-training-sword-inosanto-academy-barong/	https://progressivemartialarts.com.au/
https://progressivemartialarts.com.au/product/aluminum-training-sword-inosanto-academy-barong/	https://progressivemartialarts.com.au/product/aluminum-training-sword-inosanto-academy-barong/
https://progressivemartialarts.com.au/product/aluminum-training-sword-inosanto-academy-kris-sword/	https://progressivemartialarts.com.au/
https://progressivemartialarts.com.au/product/aluminum-training-sword-inosanto-academy-kris-sword/	https://progressivemartialarts.com.au/product/aluminum-training-sword-inosanto-academy-kris-sword/
https://progressivemartialarts.com.au/product/arm-guard/	https://progressivemartialarts.com.au/
https://progressivemartialarts.com.au/product/arm-guard/	https://progressivemartialarts.com.au/product/arm-guard/
https://progressivemartialarts.com.au/product/bag-inosanto-academy-duffel-bag-24/	https://progressivemartialarts.com.au/
https://progressivemartialarts.com.au/product/bag-inosanto-academy-duffel-bag-24/	https://progressivemartialarts.com.au/product/bag-inosanto-academy-duffel-bag-24/
https://progressivemartialarts.com.au/product/bag-inosanto-academy-duffel-bag-with-mesh-panel/	https://progressivemartialarts.com.au/
https://progressivemartialarts.com.au/product/bag-inosanto-academy-duffel-bag-with-mesh-panel/	https://progressivemartialarts.com.au/product/bag-inosanto-academy-duffel-bag-with-mesh-panel/
https://progressivemartialarts.com.au/product/bag-inosanto-academy-duffel-bag/	https://progressivemartialarts.com.au/
https://progressivemartialarts.com.au/product/bag-inosanto-academy-duffel-bag/	https://progressivemartialarts.com.au/product/bag-inosanto-academy-duffel-bag/
https://progressivemartialarts.com.au/product/bag-inosanto-academy-training-dagger-bag/	https://progressivemartialarts.com.au/
https://progressivemartialarts.com.au/product/bag-inosanto-academy-training-dagger-bag/	https://progressivemartialarts.com.au/product/bag-inosanto-academy-training-dagger-bag/
https://progressivemartialarts.com.au/product/baseball-hat-inosanto-baseball-cap/	https://progressivemartialarts.com.au/
https://progressivemartialarts.com.au/product/baseball-hat-inosanto-baseball-cap/	https://progressivemartialarts.com.au/product/baseball-hat-inosanto-baseball-cap/
https://progressivemartialarts.com.au/product/bolt-basics-of-learning-and-teaching/	https://progressivemartialarts.com.au/
https://progressivemartialarts.com.au/product/bolt-basics-of-learning-and-teaching/	https://progressivemartialarts.com.au/product/bolt-basics-of-learning-and-teaching/
https://progressivemartialarts.com.au/product/book-a-path-of-mastery/	https://progressivemartialarts.com.au/
https://progressivemartialarts.com.au/product/book-a-path-of-mastery/	https://progressivemartialarts.com.au/product/book-a-path-of-mastery/
https://progressivemartialarts.com.au/product/boxing-gloves-12oz-morgan-brand-brown-leather/	https://progressivemartialarts.com.au/
https://progressivemartialarts.com.au/product/boxing-gloves-12oz-morgan-brand-brown-leather/	https://progressivemartialarts.com.au/product/boxing-gloves-12oz-morgan-brand-brown-leather/
https://progressivemartialarts.com.au/product/boxing-gloves-12oz-punch-brand-black-red-and-blue/	https://progressivemartialarts.com.au/
https://progressivemartialarts.com.au/product/boxing-gloves-12oz-punch-brand-black-red-and-blue/	https://progressivemartialarts.com.au/product/boxing-gloves-12oz-punch-brand-black-red-and-blue/
https://progressivemartialarts.com.au/product/boxing-gloves-12oz-punch-brand-black-with-gold-skulls/	https://progressivemartialarts.com.au/
https://progressivemartialarts.com.au/product/boxing-gloves-12oz-punch-brand-black-with-gold-skulls/	https://progressivemartialarts.com.au/product/boxing-gloves-12oz-punch-brand-black-with-gold-skulls/
https://progressivemartialarts.com.au/product/boxing-gloves-12oz-punch-brand-white-with-gold-skulls/	https://progressivemartialarts.com.au/
https://progressivemartialarts.com.au/product/boxing-gloves-12oz-punch-brand-white-with-gold-skulls/	https://progressivemartialarts.com.au/product/boxing-gloves-12oz-punch-brand-white-with-gold-skulls/
https://progressivemartialarts.com.au/product/brazilian-jiu-jitsu-black-belt-techniques/	https://progressivemartialarts.com.au/
https://progressivemartialarts.com.au/product/brazilian-jiu-jitsu-black-belt-techniques/	https://progressivemartialarts.com.au/product/brazilian-jiu-jitsu-black-belt-techniques/
https://progressivemartialarts.com.au/product/bruce-lee-forever-a-tribute-to-the-one-and-only-taky-kimura/	https://progressivemartialarts.com.au/
https://progressivemartialarts.com.au/product/bruce-lee-forever-a-tribute-to-the-one-and-only-taky-kimura/	https://progressivemartialarts.com.au/product/bruce-lee-forever-a-tribute-to-the-one-and-only-taky-kimura/
https://progressivemartialarts.com.au/product/bruce-lee-tao-of-jeet-kune-do/	https://progressivemartialarts.com.au/
https://progressivemartialarts.com.au/product/bruce-lee-tao-of-jeet-kune-do/	https://progressivemartialarts.com.au/product/bruce-lee-tao-of-jeet-kune-do/
https://progressivemartialarts.com.au/product/calendar-2010-remember-reclaim/	https://progressivemartialarts.com.au/
https://progressivemartialarts.com.au/product/calendar-2010-remember-reclaim/	https://progressivemartialarts.com.au/product/calendar-2010-remember-reclaim/
https://progressivemartialarts.com.au/product/capoeira-for-active-adults/	https://progressivemartialarts.com.au/
https://progressivemartialarts.com.au/product/capoeira-for-active-adults/	https://progressivemartialarts.com.au/product/capoeira-for-active-adults/
https://progressivemartialarts.com.au/product/cd-buddy-helm-training-music/	https://progressivemartialarts.com.au/
https://progressivemartialarts.com.au/product/cd-buddy-helm-training-music/	https://progressivemartialarts.com.au/product/cd-buddy-helm-training-music/
https://progressivemartialarts.com.au/product/cd-heavens-drums/	https://progressivemartialarts.com.au/
https://progressivemartialarts.com.au/product/cd-heavens-drums/	https://progressivemartialarts.com.au/product/cd-heavens-drums/
https://progressivemartialarts.com.au/product/dan-inosanto-legends-foldout-poster-with-bruce-lee/	https://progressivemartialarts.com.au/
https://progressivemartialarts.com.au/product/dan-inosanto-legends-foldout-poster-with-bruce-lee/	https://progressivemartialarts.com.au/product/dan-inosanto-legends-foldout-poster-with-bruce-lee/
https://progressivemartialarts.com.au/product/dosmanos-sticks/	https://progressivemartialarts.com.au/
https://progressivemartialarts.com.au/product/dosmanos-sticks/	https://progressivemartialarts.com.au/product/dosmanos-sticks/
https://progressivemartialarts.com.au/product/dubin-michael-dubin-drumming-seven-essential-rhythms-for-instructors/	https://progressivemartialarts.com.au/
https://progressivemartialarts.com.au/product/dubin-michael-dubin-drumming-seven-essential-rhythms-for-instructors/	https://progressivemartialarts.com.au/product/dubin-michael-dubin-drumming-seven-essential-rhythms-for-instructors/
https://progressivemartialarts.com.au/product/dubin-rhythmic-training-for-martial-arts/	https://progressivemartialarts.com.au/
https://progressivemartialarts.com.au/product/dubin-rhythmic-training-for-martial-arts/	https://progressivemartialarts.com.au/product/dubin-rhythmic-training-for-martial-arts/
https://progressivemartialarts.com.au/product/focus-mitts-micro-fuerte-punch-brand-thumpas/	https://progressivemartialarts.com.au/
https://progressivemartialarts.com.au/product/focus-mitts-micro-fuerte-punch-brand-thumpas/	https://progressivemartialarts.com.au/product/focus-mitts-micro-fuerte-punch-brand-thumpas/
https://progressivemartialarts.com.au/product/focus-mitts-morgan-brand-thumpas/	https://progressivemartialarts.com.au/
https://progressivemartialarts.com.au/product/focus-mitts-morgan-brand-thumpas/	https://progressivemartialarts.com.au/product/focus-mitts-morgan-brand-thumpas/
https://progressivemartialarts.com.au/product/focus-mitts-punch-brand-thumpas-2/	https://progressivemartialarts.com.au/
https://progressivemartialarts.com.au/product/focus-mitts-punch-brand-thumpas-2/	https://progressivemartialarts.com.au/product/focus-mitts-punch-brand-thumpas-2/
https://progressivemartialarts.com.au/product/focus-mitts-punch-brand-thumpas/	https://progressivemartialarts.com.au/
https://progressivemartialarts.com.au/product/focus-mitts-punch-brand-thumpas/	https://progressivemartialarts.com.au/product/focus-mitts-punch-brand-thumpas/
https://progressivemartialarts.com.au/product/focus-paddles-mexican-fuerte-paddles-punch-brand/	https://progressivemartialarts.com.au/
https://progressivemartialarts.com.au/product/focus-paddles-mexican-fuerte-paddles-punch-brand/	https://progressivemartialarts.com.au/product/focus-paddles-mexican-fuerte-paddles-punch-brand/
https://progressivemartialarts.com.au/product/gi-jean-jacques-machado-triangle-brand/	https://progressivemartialarts.com.au/
https://progressivemartialarts.com.au/product/gi-jean-jacques-machado-triangle-brand/	https://progressivemartialarts.com.au/product/gi-jean-jacques-machado-triangle-brand/
https://progressivemartialarts.com.au/product/gi-patch-kit-inosanto-academy-shield/	https://progressivemartialarts.com.au/
https://progressivemartialarts.com.au/product/gi-patch-kit-inosanto-academy-shield/	https://progressivemartialarts.com.au/product/gi-patch-kit-inosanto-academy-shield/
https://progressivemartialarts.com.au/product/gi-patch-kit-jean-jacques-machado/	https://progressivemartialarts.com.au/
https://progressivemartialarts.com.au/product/gi-patch-kit-jean-jacques-machado/	https://progressivemartialarts.com.au/product/gi-patch-kit-jean-jacques-machado/
https://progressivemartialarts.com.au/product/groin-guard/	https://progressivemartialarts.com.au/
https://progressivemartialarts.com.au/product/groin-guard/	https://progressivemartialarts.com.au/product/groin-guard/
https://progressivemartialarts.com.au/product/guro-dan-inosanto-australia-tour-november-2026/	https://progressivemartialarts.com.au/
https://progressivemartialarts.com.au/product/guro-dan-inosanto-australia-tour-november-2026/	https://progressivemartialarts.com.au/product/guro-dan-inosanto-australia-tour-november-2026/
https://progressivemartialarts.com.au/product/hand-towels/	https://progressivemartialarts.com.au/
https://progressivemartialarts.com.au/product/hand-towels/	https://progressivemartialarts.com.au/product/hand-towels/
https://progressivemartialarts.com.au/product/hand-wraps-stretch-punch-brand/	https://progressivemartialarts.com.au/
https://progressivemartialarts.com.au/product/hand-wraps-stretch-punch-brand/	https://progressivemartialarts.com.au/product/hand-wraps-stretch-punch-brand/
https://progressivemartialarts.com.au/product/hoodie-inosanto-academy-sweatshirt-black-with-gold-logos/	https://progressivemartialarts.com.au/
https://progressivemartialarts.com.au/product/hoodie-inosanto-academy-sweatshirt-black-with-gold-logos/	https://progressivemartialarts.com.au/product/hoodie-inosanto-academy-sweatshirt-black-with-gold-logos/
https://progressivemartialarts.com.au/product/hoodie-inosanto-academy-sweatshirt-shield-logo/	https://progressivemartialarts.com.au/
https://progressivemartialarts.com.au/product/hoodie-inosanto-academy-sweatshirt-shield-logo/	https://progressivemartialarts.com.au/product/hoodie-inosanto-academy-sweatshirt-shield-logo/
https://progressivemartialarts.com.au/product/hoodie-with-zipper-inosanto-academy-sweatshirt-black-with-gold-logos/	https://progressivemartialarts.com.au/
https://progressivemartialarts.com.au/product/hoodie-with-zipper-inosanto-academy-sweatshirt-black-with-gold-logos/	https://progressivemartialarts.com.au/product/hoodie-with-zipper-inosanto-academy-sweatshirt-black-with-gold-logos/
https://progressivemartialarts.com.au/product/hoodie-with-zipper-inosanto-academy-sweatshirt-shield-logo/	https://progressivemartialarts.com.au/
https://progressivemartialarts.com.au/product/hoodie-with-zipper-inosanto-academy-sweatshirt-shield-logo/	https://progressivemartialarts.com.au/product/hoodie-with-zipper-inosanto-academy-sweatshirt-shield-logo/
https://progressivemartialarts.com.au/product/hoodie-with-zipper-little-dragons-sweatshirt/	https://progressivemartialarts.com.au/
https://progressivemartialarts.com.au/product/hoodie-with-zipper-little-dragons-sweatshirt/	https://progressivemartialarts.com.au/product/hoodie-with-zipper-little-dragons-sweatshirt/
https://progressivemartialarts.com.au/product/inosanto-2012-abecedario-contradas/	https://progressivemartialarts.com.au/
https://progressivemartialarts.com.au/product/inosanto-2012-abecedario-contradas/	https://progressivemartialarts.com.au/product/inosanto-2012-abecedario-contradas/
https://progressivemartialarts.com.au/product/inosanto-2012-australia-mixed-arts/	https://progressivemartialarts.com.au/
https://progressivemartialarts.com.au/product/inosanto-2012-australia-mixed-arts/	https://progressivemartialarts.com.au/product/inosanto-2012-australia-mixed-arts/
https://progressivemartialarts.com.au/product/inosanto-2012-australia-silat/	https://progressivemartialarts.com.au/
https://progressivemartialarts.com.au/product/inosanto-2012-australia-silat/	https://progressivemartialarts.com.au/product/inosanto-2012-australia-silat/
https://progressivemartialarts.com.au/product/inosanto-2012-australia-thai-boxing/	https://progressivemartialarts.com.au/
https://progressivemartialarts.com.au/product/inosanto-2012-australia-thai-boxing/	https://progressivemartialarts.com.au/product/inosanto-2012-australia-thai-boxing/
https://progressivemartialarts.com.au/product/inosanto-2012-mixed-silat-training-camp-8-dvd-set/	https://progressivemartialarts.com.au/
https://progressivemartialarts.com.au/product/inosanto-2012-mixed-silat-training-camp-8-dvd-set/	https://progressivemartialarts.com.au/product/inosanto-2012-mixed-silat-training-camp-8-dvd-set/
https://progressivemartialarts.com.au/product/inosanto-2012-pangamut/	https://progressivemartialarts.com.au/
https://progressivemartialarts.com.au/product/inosanto-2012-pangamut/	https://progressivemartialarts.com.au/product/inosanto-2012-pangamut/
https://progressivemartialarts.com.au/product/inosanto-2012-sensitivity/	https://progressivemartialarts.com.au/
https://progressivemartialarts.com.au/product/inosanto-2012-sensitivity/	https://progressivemartialarts.com.au/product/inosanto-2012-sensitivity/
https://progressivemartialarts.com.au/product/inosanto-2012-stick-dagger/	https://progressivemartialarts.com.au/
https://progressivemartialarts.com.au/product/inosanto-2012-stick-dagger/	https://progressivemartialarts.com.au/product/inosanto-2012-stick-dagger/
https://progressivemartialarts.com.au/product/inosanto-2013-12-areas-of-kali-area-1/	https://progressivemartialarts.com.au/
https://progressivemartialarts.com.au/product/inosanto-2013-12-areas-of-kali-area-1/	https://progressivemartialarts.com.au/product/inosanto-2013-12-areas-of-kali-area-1/
https://progressivemartialarts.com.au/product/inosanto-2013-12-areas-of-kali-area-2/	https://progressivemartialarts.com.au/
https://progressivemartialarts.com.au/product/inosanto-2013-12-areas-of-kali-area-2/	https://progressivemartialarts.com.au/product/inosanto-2013-12-areas-of-kali-area-2/
https://progressivemartialarts.com.au/product/inosanto-2013-australia-jun-fan-gung-fu-jkd/	https://progressivemartialarts.com.au/
https://progressivemartialarts.com.au/product/inosanto-2013-australia-jun-fan-gung-fu-jkd/	https://progressivemartialarts.com.au/product/inosanto-2013-australia-jun-fan-gung-fu-jkd/
https://progressivemartialarts.com.au/product/inosanto-2013-australia-mma-4-dvd-set/	https://progressivemartialarts.com.au/
https://progressivemartialarts.com.au/product/inosanto-2013-australia-mma-4-dvd-set/	https://progressivemartialarts.com.au/product/inosanto-2013-australia-mma-4-dvd-set/
https://progressivemartialarts.com.au/product/inosanto-2013-australia-thai-boxing/	https://progressivemartialarts.com.au/
https://progressivemartialarts.com.au/product/inosanto-2013-australia-thai-boxing/	https://progressivemartialarts.com.au/product/inosanto-2013-australia-thai-boxing/
https://progressivemartialarts.com.au/product/inosanto-2013-australia-weaponry-disarms/	https://progressivemartialarts.com.au/
https://progressivemartialarts.com.au/product/inosanto-2013-australia-weaponry-disarms/	https://progressivemartialarts.com.au/product/inosanto-2013-australia-weaponry-disarms/
https://progressivemartialarts.com.au/product/inosanto-2013-dumog/	https://progressivemartialarts.com.au/
https://progressivemartialarts.com.au/product/inosanto-2013-dumog/	https://progressivemartialarts.com.au/product/inosanto-2013-dumog/
https://progressivemartialarts.com.au/product/inosanto-2013-legends-8-dvd-set/	https://progressivemartialarts.com.au/
https://progressivemartialarts.com.au/product/inosanto-2013-legends-8-dvd-set/	https://progressivemartialarts.com.au/product/inosanto-2013-legends-8-dvd-set/
https://progressivemartialarts.com.au/product/inosanto-2013-mixed-silat-training-camp-8-dvd-set/	https://progressivemartialarts.com.au/
https://progressivemartialarts.com.au/product/inosanto-2013-mixed-silat-training-camp-8-dvd-set/	https://progressivemartialarts.com.au/product/inosanto-2013-mixed-silat-training-camp-8-dvd-set/
https://progressivemartialarts.com.au/product/inosanto-2013-panantukan/	https://progressivemartialarts.com.au/
https://progressivemartialarts.com.au/product/inosanto-2013-panantukan/	https://progressivemartialarts.com.au/product/inosanto-2013-panantukan/
https://progressivemartialarts.com.au/product/inosanto-2014-australia-joint-locking/	https://progressivemartialarts.com.au/
https://progressivemartialarts.com.au/product/inosanto-2014-australia-joint-locking/	https://progressivemartialarts.com.au/product/inosanto-2014-australia-joint-locking/
https://progressivemartialarts.com.au/product/inosanto-2014-australia-jun-fan-gung-fu-jkd/	https://progressivemartialarts.com.au/
https://progressivemartialarts.com.au/product/inosanto-2014-australia-jun-fan-gung-fu-jkd/	https://progressivemartialarts.com.au/product/inosanto-2014-australia-jun-fan-gung-fu-jkd/
https://progressivemartialarts.com.au/product/inosanto-2014-australia-mma-4-dvd-set/	https://progressivemartialarts.com.au/
https://progressivemartialarts.com.au/product/inosanto-2014-australia-mma-4-dvd-set/	https://progressivemartialarts.com.au/product/inosanto-2014-australia-mma-4-dvd-set/
https://progressivemartialarts.com.au/product/inosanto-2014-australia-thai-boxing/	https://progressivemartialarts.com.au/
https://progressivemartialarts.com.au/product/inosanto-2014-australia-thai-boxing/	https://progressivemartialarts.com.au/product/inosanto-2014-australia-thai-boxing/
https://progressivemartialarts.com.au/product/inosanto-2014-lacoste-ilustrisimo-inosanto-systems/	https://progressivemartialarts.com.au/
https://progressivemartialarts.com.au/product/inosanto-2014-lacoste-ilustrisimo-inosanto-systems/	https://progressivemartialarts.com.au/product/inosanto-2014-lacoste-ilustrisimo-inosanto-systems/
https://progressivemartialarts.com.au/product/inosanto-2014-maphilindo-silat-day-1/	https://progressivemartialarts.com.au/
https://progressivemartialarts.com.au/product/inosanto-2014-maphilindo-silat-day-1/	https://progressivemartialarts.com.au/product/inosanto-2014-maphilindo-silat-day-1/
https://progressivemartialarts.com.au/product/inosanto-2014-maphilindo-silat-day-2/	https://progressivemartialarts.com.au/
https://progressivemartialarts.com.au/product/inosanto-2014-maphilindo-silat-day-2/	https://progressivemartialarts.com.au/product/inosanto-2014-maphilindo-silat-day-2/
https://progressivemartialarts.com.au/product/inosanto-2014-mixed-silat-training-camp-8-dvd-set/	https://progressivemartialarts.com.au/
https://progressivemartialarts.com.au/product/inosanto-2014-mixed-silat-training-camp-8-dvd-set/	https://progressivemartialarts.com.au/product/inosanto-2014-mixed-silat-training-camp-8-dvd-set/
https://progressivemartialarts.com.au/product/inosanto-2014-weaponry-disarms/	https://progressivemartialarts.com.au/
https://progressivemartialarts.com.au/product/inosanto-2014-weaponry-disarms/	https://progressivemartialarts.com.au/product/inosanto-2014-weaponry-disarms/
https://progressivemartialarts.com.au/product/inosanto-2015-abecedario-contradas-day-1/	https://progressivemartialarts.com.au/
https://progressivemartialarts.com.au/product/inosanto-2015-abecedario-contradas-day-1/	https://progressivemartialarts.com.au/product/inosanto-2015-abecedario-contradas-day-1/
https://progressivemartialarts.com.au/product/inosanto-2015-abecedario-contradas-day-2/	https://progressivemartialarts.com.au/
https://progressivemartialarts.com.au/product/inosanto-2015-abecedario-contradas-day-2/	https://progressivemartialarts.com.au/product/inosanto-2015-abecedario-contradas-day-2/
https://progressivemartialarts.com.au/product/inosanto-2015-australia-flexible-weapons/	https://progressivemartialarts.com.au/
https://progressivemartialarts.com.au/product/inosanto-2015-australia-flexible-weapons/	https://progressivemartialarts.com.au/product/inosanto-2015-australia-flexible-weapons/
https://progressivemartialarts.com.au/product/inosanto-2015-australia-jun-fan-gung-fu-jkd/	https://progressivemartialarts.com.au/
https://progressivemartialarts.com.au/product/inosanto-2015-australia-jun-fan-gung-fu-jkd/	https://progressivemartialarts.com.au/product/inosanto-2015-australia-jun-fan-gung-fu-jkd/
https://progressivemartialarts.com.au/product/inosanto-2015-australia-mixed-arts-3-dvd-set/	https://progressivemartialarts.com.au/
https://progressivemartialarts.com.au/product/inosanto-2015-australia-mixed-arts-3-dvd-set/	https://progressivemartialarts.com.au/product/inosanto-2015-australia-mixed-arts-3-dvd-set/
https://progressivemartialarts.com.au/product/inosanto-2015-australia-sensitivity-drills/	https://progressivemartialarts.com.au/
https://progressivemartialarts.com.au/product/inosanto-2015-australia-sensitivity-drills/	https://progressivemartialarts.com.au/product/inosanto-2015-australia-sensitivity-drills/
https://progressivemartialarts.com.au/product/inosanto-2015-australia-stick-dagger/	https://progressivemartialarts.com.au/
https://progressivemartialarts.com.au/product/inosanto-2015-australia-stick-dagger/	https://progressivemartialarts.com.au/product/inosanto-2015-australia-stick-dagger/
https://progressivemartialarts.com.au/product/inosanto-2015-australia-thai-boxing/	https://progressivemartialarts.com.au/
https://progressivemartialarts.com.au/product/inosanto-2015-australia-thai-boxing/	https://progressivemartialarts.com.au/product/inosanto-2015-australia-thai-boxing/
https://progressivemartialarts.com.au/product/inosanto-2015-flexible-weapons-march/	https://progressivemartialarts.com.au/
https://progressivemartialarts.com.au/product/inosanto-2015-flexible-weapons-march/	https://progressivemartialarts.com.au/product/inosanto-2015-flexible-weapons-march/
https://progressivemartialarts.com.au/product/inosanto-2015-joint-locking/	https://progressivemartialarts.com.au/
https://progressivemartialarts.com.au/product/inosanto-2015-joint-locking/	https://progressivemartialarts.com.au/product/inosanto-2015-joint-locking/
https://progressivemartialarts.com.au/product/inosanto-2015-legends-8-dvd-set/	https://progressivemartialarts.com.au/
https://progressivemartialarts.com.au/product/inosanto-2015-legends-8-dvd-set/	https://progressivemartialarts.com.au/product/inosanto-2015-legends-8-dvd-set/
https://progressivemartialarts.com.au/product/inosanto-2015-mixed-silat-training-camp-8-dvd-set/	https://progressivemartialarts.com.au/
https://progressivemartialarts.com.au/product/inosanto-2015-mixed-silat-training-camp-8-dvd-set/	https://progressivemartialarts.com.au/product/inosanto-2015-mixed-silat-training-camp-8-dvd-set/
https://progressivemartialarts.com.au/product/inosanto-2016-australia-empty-hand-vs-weapons/	https://progressivemartialarts.com.au/
https://progressivemartialarts.com.au/product/inosanto-2016-australia-empty-hand-vs-weapons/	https://progressivemartialarts.com.au/product/inosanto-2016-australia-empty-hand-vs-weapons/
https://progressivemartialarts.com.au/product/inosanto-2016-australia-jun-fan-gung-fu-jkd/	https://progressivemartialarts.com.au/
https://progressivemartialarts.com.au/product/inosanto-2016-australia-jun-fan-gung-fu-jkd/	https://progressivemartialarts.com.au/product/inosanto-2016-australia-jun-fan-gung-fu-jkd/
https://progressivemartialarts.com.au/product/inosanto-2016-australia-mixed-arts-day-1-2-disc-set/	https://progressivemartialarts.com.au/
https://progressivemartialarts.com.au/product/inosanto-2016-australia-mixed-arts-day-1-2-disc-set/	https://progressivemartialarts.com.au/product/inosanto-2016-australia-mixed-arts-day-1-2-disc-set/
https://progressivemartialarts.com.au/product/inosanto-2016-australia-mixed-arts-day-2-2-disc-set/	https://progressivemartialarts.com.au/
https://progressivemartialarts.com.au/product/inosanto-2016-australia-mixed-arts-day-2-2-disc-set/	https://progressivemartialarts.com.au/product/inosanto-2016-australia-mixed-arts-day-2-2-disc-set/
https://progressivemartialarts.com.au/product/inosanto-2016-australia-panantukan-filipino-boxing/	https://progressivemartialarts.com.au/
https://progressivemartialarts.com.au/product/inosanto-2016-australia-panantukan-filipino-boxing/	https://progressivemartialarts.com.au/product/inosanto-2016-australia-panantukan-filipino-boxing/
https://progressivemartialarts.com.au/product/inosanto-2016-australia-self-defense/	https://progressivemartialarts.com.au/
https://progressivemartialarts.com.au/product/inosanto-2016-australia-self-defense/	https://progressivemartialarts.com.au/product/inosanto-2016-australia-self-defense/
https://progressivemartialarts.com.au/product/inosanto-2016-australia-thai-boxing/	https://progressivemartialarts.com.au/
https://progressivemartialarts.com.au/product/inosanto-2016-australia-thai-boxing/	https://progressivemartialarts.com.au/product/inosanto-2016-australia-thai-boxing/
https://progressivemartialarts.com.au/product/inosanto-2016-legends-8-dvd-set/	https://progressivemartialarts.com.au/
https://progressivemartialarts.com.au/product/inosanto-2016-legends-8-dvd-set/	https://progressivemartialarts.com.au/product/inosanto-2016-legends-8-dvd-set/
https://progressivemartialarts.com.au/product/inosanto-2016-se-asian-cambodian-kickboxing/	https://progressivemartialarts.com.au/
https://progressivemartialarts.com.au/product/inosanto-2016-se-asian-cambodian-kickboxing/	https://progressivemartialarts.com.au/product/inosanto-2016-se-asian-cambodian-kickboxing/
https://progressivemartialarts.com.au/product/inosanto-2016-self-defense-volume-1/	https://progressivemartialarts.com.au/
https://progressivemartialarts.com.au/product/inosanto-2016-self-defense-volume-1/	https://progressivemartialarts.com.au/product/inosanto-2016-self-defense-volume-1/
https://progressivemartialarts.com.au/product/inosanto-2017-12-areas-of-kali-area-8-staff-day-1/	https://progressivemartialarts.com.au/
https://progressivemartialarts.com.au/product/inosanto-2017-12-areas-of-kali-area-8-staff-day-1/	https://progressivemartialarts.com.au/product/inosanto-2017-12-areas-of-kali-area-8-staff-day-1/
https://progressivemartialarts.com.au/product/inosanto-2017-12-areas-of-kali-area-8-staff-day-2/	https://progressivemartialarts.com.au/
https://progressivemartialarts.com.au/product/inosanto-2017-12-areas-of-kali-area-8-staff-day-2/	https://progressivemartialarts.com.au/product/inosanto-2017-12-areas-of-kali-area-8-staff-day-2/
https://progressivemartialarts.com.au/product/inosanto-2017-australia-jun-fan-gung-fu-jkd/	https://progressivemartialarts.com.au/
https://progressivemartialarts.com.au/product/inosanto-2017-australia-jun-fan-gung-fu-jkd/	https://progressivemartialarts.com.au/product/inosanto-2017-australia-jun-fan-gung-fu-jkd/
https://progressivemartialarts.com.au/product/inosanto-2017-australia-locks-and-controls/	https://progressivemartialarts.com.au/
https://progressivemartialarts.com.au/product/inosanto-2017-australia-locks-and-controls/	https://progressivemartialarts.com.au/product/inosanto-2017-australia-locks-and-controls/
https://progressivemartialarts.com.au/product/inosanto-2017-australia-maphilindo-silat/	https://progressivemartialarts.com.au/
https://progressivemartialarts.com.au/product/inosanto-2017-australia-maphilindo-silat/	https://progressivemartialarts.com.au/product/inosanto-2017-australia-maphilindo-silat/
https://progressivemartialarts.com.au/product/inosanto-2017-australia-mixed-arts-day-1/	https://progressivemartialarts.com.au/
https://progressivemartialarts.com.au/product/inosanto-2017-australia-mixed-arts-day-1/	https://progressivemartialarts.com.au/product/inosanto-2017-australia-mixed-arts-day-1/
https://progressivemartialarts.com.au/product/inosanto-2017-australia-mixed-arts-day-2/	https://progressivemartialarts.com.au/
https://progressivemartialarts.com.au/product/inosanto-2017-australia-mixed-arts-day-2/	https://progressivemartialarts.com.au/product/inosanto-2017-australia-mixed-arts-day-2/
https://progressivemartialarts.com.au/product/inosanto-2017-australia-thai-boxing/	https://progressivemartialarts.com.au/
https://progressivemartialarts.com.au/product/inosanto-2017-australia-thai-boxing/	https://progressivemartialarts.com.au/product/inosanto-2017-australia-thai-boxing/
https://progressivemartialarts.com.au/product/inosanto-2017-australia-weaponry-disarms/	https://progressivemartialarts.com.au/
https://progressivemartialarts.com.au/product/inosanto-2017-australia-weaponry-disarms/	https://progressivemartialarts.com.au/product/inosanto-2017-australia-weaponry-disarms/
https://progressivemartialarts.com.au/product/inosanto-2017-sarong-malong/	https://progressivemartialarts.com.au/
https://progressivemartialarts.com.au/product/inosanto-2017-sarong-malong/	https://progressivemartialarts.com.au/product/inosanto-2017-sarong-malong/
https://progressivemartialarts.com.au/product/inosanto-2017-stick-dagger-tie-ups-counters/	https://progressivemartialarts.com.au/
https://progressivemartialarts.com.au/product/inosanto-2017-stick-dagger-tie-ups-counters/	https://progressivemartialarts.com.au/product/inosanto-2017-stick-dagger-tie-ups-counters/
https://progressivemartialarts.com.au/product/inosanto-2018-australia-jun-fan-gung-fu-jkd/	https://progressivemartialarts.com.au/
https://progressivemartialarts.com.au/product/inosanto-2018-australia-jun-fan-gung-fu-jkd/	https://progressivemartialarts.com.au/product/inosanto-2018-australia-jun-fan-gung-fu-jkd/
https://progressivemartialarts.com.au/product/inosanto-2018-australia-locks-and-controls/	https://progressivemartialarts.com.au/
https://progressivemartialarts.com.au/product/inosanto-2018-australia-locks-and-controls/	https://progressivemartialarts.com.au/product/inosanto-2018-australia-locks-and-controls/
https://progressivemartialarts.com.au/product/inosanto-2018-australia-mixed-arts-day-1-2-disc-set/	https://progressivemartialarts.com.au/
https://progressivemartialarts.com.au/product/inosanto-2018-australia-mixed-arts-day-1-2-disc-set/	https://progressivemartialarts.com.au/product/inosanto-2018-australia-mixed-arts-day-1-2-disc-set/
https://progressivemartialarts.com.au/product/inosanto-2018-australia-mixed-arts-day-2-2-disc-set/	https://progressivemartialarts.com.au/
https://progressivemartialarts.com.au/product/inosanto-2018-australia-mixed-arts-day-2-2-disc-set/	https://progressivemartialarts.com.au/product/inosanto-2018-australia-mixed-arts-day-2-2-disc-set/
https://progressivemartialarts.com.au/product/inosanto-2018-australia-thai-boxing/	https://progressivemartialarts.com.au/
https://progressivemartialarts.com.au/product/inosanto-2018-australia-thai-boxing/	https://progressivemartialarts.com.au/product/inosanto-2018-australia-thai-boxing/
https://progressivemartialarts.com.au/product/inosanto-2018-mixed-silat/	https://progressivemartialarts.com.au/
https://progressivemartialarts.com.au/product/inosanto-2018-mixed-silat/	https://progressivemartialarts.com.au/product/inosanto-2018-mixed-silat/
https://progressivemartialarts.com.au/product/inosanto-2018-weaponry/	https://progressivemartialarts.com.au/
https://progressivemartialarts.com.au/product/inosanto-2018-weaponry/	https://progressivemartialarts.com.au/product/inosanto-2018-weaponry/
https://progressivemartialarts.com.au/product/inosanto-2019-australia-flexible-weapons/	https://progressivemartialarts.com.au/
https://progressivemartialarts.com.au/product/inosanto-2019-australia-flexible-weapons/	https://progressivemartialarts.com.au/product/inosanto-2019-australia-flexible-weapons/
https://progressivemartialarts.com.au/product/inosanto-2019-australia-locks-and-controls/	https://progressivemartialarts.com.au/
https://progressivemartialarts.com.au/product/inosanto-2019-australia-locks-and-controls/	https://progressivemartialarts.com.au/product/inosanto-2019-australia-locks-and-controls/
https://progressivemartialarts.com.au/product/inosanto-2019-australia-weaponry/	https://progressivemartialarts.com.au/
https://progressivemartialarts.com.au/product/inosanto-2019-australia-weaponry/	https://progressivemartialarts.com.au/product/inosanto-2019-australia-weaponry/
https://progressivemartialarts.com.au/product/inosanto-2019-jun-fan-gung-fu-jkd/	https://progressivemartialarts.com.au/
https://progressivemartialarts.com.au/product/inosanto-2019-jun-fan-gung-fu-jkd/	https://progressivemartialarts.com.au/product/inosanto-2019-jun-fan-gung-fu-jkd/
https://progressivemartialarts.com.au/product/inosanto-2023-australia-jun-fan-gung-fu-jkd/	https://progressivemartialarts.com.au/
https://progressivemartialarts.com.au/product/inosanto-2023-australia-jun-fan-gung-fu-jkd/	https://progressivemartialarts.com.au/product/inosanto-2023-australia-jun-fan-gung-fu-jkd/
https://progressivemartialarts.com.au/product/inosanto-2023-australia-locks-and-controls/	https://progressivemartialarts.com.au/
https://progressivemartialarts.com.au/product/inosanto-2023-australia-locks-and-controls/	https://progressivemartialarts.com.au/product/inosanto-2023-australia-locks-and-controls/
https://progressivemartialarts.com.au/product/inosanto-2023-australia-mixed-arts-day-2/	https://progressivemartialarts.com.au/
https://progressivemartialarts.com.au/product/inosanto-2023-australia-mixed-arts-day-2/	https://progressivemartialarts.com.au/product/inosanto-2023-australia-mixed-arts-day-2/
https://progressivemartialarts.com.au/product/inosanto-2023-australia-silat/	https://progressivemartialarts.com.au/
https://progressivemartialarts.com.au/product/inosanto-2023-australia-silat/	https://progressivemartialarts.com.au/product/inosanto-2023-australia-silat/
https://progressivemartialarts.com.au/product/inosanto-2023-australia-thai-boxing/	https://progressivemartialarts.com.au/
https://progressivemartialarts.com.au/product/inosanto-2023-australia-thai-boxing/	https://progressivemartialarts.com.au/product/inosanto-2023-australia-thai-boxing/
https://progressivemartialarts.com.au/product/inosanto-2023-krabi-krabong-seama-day-1/	https://progressivemartialarts.com.au/
https://progressivemartialarts.com.au/product/inosanto-2023-krabi-krabong-seama-day-1/	https://progressivemartialarts.com.au/product/inosanto-2023-krabi-krabong-seama-day-1/
https://progressivemartialarts.com.au/product/inosanto-2023-krabi-krabong-seama-day-2/	https://progressivemartialarts.com.au/
https://progressivemartialarts.com.au/product/inosanto-2023-krabi-krabong-seama-day-2/	https://progressivemartialarts.com.au/product/inosanto-2023-krabi-krabong-seama-day-2/
https://progressivemartialarts.com.au/product/inosanto-2024-legends-8-dvd-set/	https://progressivemartialarts.com.au/
https://progressivemartialarts.com.au/product/inosanto-2024-legends-8-dvd-set/	https://progressivemartialarts.com.au/product/inosanto-2024-legends-8-dvd-set/
https://progressivemartialarts.com.au/product/inosanto-academy-rattan-kali-sticks-1-pair/	https://progressivemartialarts.com.au/
https://progressivemartialarts.com.au/product/inosanto-academy-windbreaker-jacket/	https://progressivemartialarts.com.au/
https://progressivemartialarts.com.au/product/inosanto-academy-windbreaker-jacket/	https://progressivemartialarts.com.au/product/inosanto-academy-windbreaker-jacket/
https://progressivemartialarts.com.au/product/inosanto-collector-series-training-in-the-martial-arts-3-dvd-set/	https://progressivemartialarts.com.au/
https://progressivemartialarts.com.au/product/inosanto-collector-series-training-in-the-martial-arts-3-dvd-set/	https://progressivemartialarts.com.au/product/inosanto-collector-series-training-in-the-martial-arts-3-dvd-set/
https://progressivemartialarts.com.au/product/inosanto-definitive-collection-5-dvd-set/	https://progressivemartialarts.com.au/
https://progressivemartialarts.com.au/product/inosanto-definitive-collection-5-dvd-set/	https://progressivemartialarts.com.au/product/inosanto-definitive-collection-5-dvd-set/
https://progressivemartialarts.com.au/product/inosanto-definitive-collection-9-dvd-set/	https://progressivemartialarts.com.au/
https://progressivemartialarts.com.au/product/inosanto-definitive-collection-9-dvd-set/	https://progressivemartialarts.com.au/product/inosanto-definitive-collection-9-dvd-set/
https://progressivemartialarts.com.au/product/inosanto-definitive-collection-volume-1-jun-fan-kickboxing/	https://progressivemartialarts.com.au/
https://progressivemartialarts.com.au/product/inosanto-definitive-collection-volume-1-jun-fan-kickboxing/	https://progressivemartialarts.com.au/product/inosanto-definitive-collection-volume-1-jun-fan-kickboxing/
https://progressivemartialarts.com.au/product/inosanto-definitive-collection-volume-2-jun-fan-trapping/	https://progressivemartialarts.com.au/
https://progressivemartialarts.com.au/product/inosanto-definitive-collection-volume-2-jun-fan-trapping/	https://progressivemartialarts.com.au/product/inosanto-definitive-collection-volume-2-jun-fan-trapping/
https://progressivemartialarts.com.au/product/inosanto-definitive-collection-volume-3-jun-fan-grappling/	https://progressivemartialarts.com.au/
https://progressivemartialarts.com.au/product/inosanto-definitive-collection-volume-3-jun-fan-grappling/	https://progressivemartialarts.com.au/product/inosanto-definitive-collection-volume-3-jun-fan-grappling/
https://progressivemartialarts.com.au/product/inosanto-definitive-collection-volume-4-panantukan/	https://progressivemartialarts.com.au/
https://progressivemartialarts.com.au/product/inosanto-definitive-collection-volume-4-panantukan/	https://progressivemartialarts.com.au/product/inosanto-definitive-collection-volume-4-panantukan/
https://progressivemartialarts.com.au/product/inosanto-definitive-collection-volume-5-dumog/	https://progressivemartialarts.com.au/
https://progressivemartialarts.com.au/product/inosanto-definitive-collection-volume-5-dumog/	https://progressivemartialarts.com.au/product/inosanto-definitive-collection-volume-5-dumog/
https://progressivemartialarts.com.au/product/inosanto-definitive-collection-volume-6-single-stick/	https://progressivemartialarts.com.au/
https://progressivemartialarts.com.au/product/inosanto-definitive-collection-volume-6-single-stick/	https://progressivemartialarts.com.au/product/inosanto-definitive-collection-volume-6-single-stick/
https://progressivemartialarts.com.au/product/inosanto-definitive-collection-volume-7-stick-and-dagger/	https://progressivemartialarts.com.au/
https://progressivemartialarts.com.au/product/inosanto-definitive-collection-volume-7-stick-and-dagger/	https://progressivemartialarts.com.au/product/inosanto-definitive-collection-volume-7-stick-and-dagger/
https://progressivemartialarts.com.au/product/inosanto-definitive-collection-volume-8-edged-weapons-defense-1/	https://progressivemartialarts.com.au/
https://progressivemartialarts.com.au/product/inosanto-definitive-collection-volume-8-edged-weapons-defense-1/	https://progressivemartialarts.com.au/product/inosanto-definitive-collection-volume-8-edged-weapons-defense-1/
https://progressivemartialarts.com.au/product/inosanto-definitive-collection-volume-9-edged-weapons-defense-2/	https://progressivemartialarts.com.au/
https://progressivemartialarts.com.au/product/inosanto-definitive-collection-volume-9-edged-weapons-defense-2/	https://progressivemartialarts.com.au/product/inosanto-definitive-collection-volume-9-edged-weapons-defense-2/
https://progressivemartialarts.com.au/product/journal-of-the-unknown-soldier-michael-wise/	https://progressivemartialarts.com.au/
https://progressivemartialarts.com.au/product/journal-of-the-unknown-soldier-michael-wise/	https://progressivemartialarts.com.au/product/journal-of-the-unknown-soldier-michael-wise/
https://progressivemartialarts.com.au/product/kick-shield-dummy-for-self-defense-punch-brand/	https://progressivemartialarts.com.au/
https://progressivemartialarts.com.au/product/kick-shield-dummy-for-self-defense-punch-brand/	https://progressivemartialarts.com.au/product/kick-shield-dummy-for-self-defense-punch-brand/
https://progressivemartialarts.com.au/product/lameco-hand-guard-priced-individually/	https://progressivemartialarts.com.au/
https://progressivemartialarts.com.au/product/lameco-hand-guard-priced-individually/	https://progressivemartialarts.com.au/product/lameco-hand-guard-priced-individually/
https://progressivemartialarts.com.au/product/large-spattered-knives/	https://progressivemartialarts.com.au/
https://progressivemartialarts.com.au/product/large-spattered-knives/	https://progressivemartialarts.com.au/product/large-spattered-knives/
https://progressivemartialarts.com.au/product/long-pants-progressive-martial-arts/	https://progressivemartialarts.com.au/
https://progressivemartialarts.com.au/product/long-pants-progressive-martial-arts/	https://progressivemartialarts.com.au/product/long-pants-progressive-martial-arts/
https://progressivemartialarts.com.au/product/long-sleeve-absorb-what-is-useful-baseball-shirt-black-gray/	https://progressivemartialarts.com.au/
https://progressivemartialarts.com.au/product/long-sleeve-absorb-what-is-useful-baseball-shirt-black-gray/	https://progressivemartialarts.com.au/product/long-sleeve-absorb-what-is-useful-baseball-shirt-black-gray/
https://progressivemartialarts.com.au/product/long-sleeve-absorb-what-is-useful-baseball-shirt-blue-gold/	https://progressivemartialarts.com.au/
https://progressivemartialarts.com.au/product/long-sleeve-absorb-what-is-useful-baseball-shirt-blue-gold/	https://progressivemartialarts.com.au/product/long-sleeve-absorb-what-is-useful-baseball-shirt-blue-gold/
https://progressivemartialarts.com.au/product/long-sleeve-inosanto-academy-sport-tek-members-baseball-jersey/	https://progressivemartialarts.com.au/
https://progressivemartialarts.com.au/product/long-sleeve-inosanto-academy-sport-tek-members-baseball-jersey/	https://progressivemartialarts.com.au/product/long-sleeve-inosanto-academy-sport-tek-members-baseball-jersey/
https://progressivemartialarts.com.au/product/machado-5-machado-brothers-seminar-4-dvd-set/	https://progressivemartialarts.com.au/
https://progressivemartialarts.com.au/product/machado-5-machado-brothers-seminar-4-dvd-set/	https://progressivemartialarts.com.au/product/machado-5-machado-brothers-seminar-4-dvd-set/
https://progressivemartialarts.com.au/product/martial-arts-masters-3-dvd-set/	https://progressivemartialarts.com.au/
https://progressivemartialarts.com.au/product/martial-arts-masters-3-dvd-set/	https://progressivemartialarts.com.au/product/martial-arts-masters-3-dvd-set/
https://progressivemartialarts.com.au/product/padded-knife-small/	https://progressivemartialarts.com.au/
https://progressivemartialarts.com.au/product/padded-knife-small/	https://progressivemartialarts.com.au/product/padded-knife-small/
https://progressivemartialarts.com.au/product/padded-sticks-lameco-brand/	https://progressivemartialarts.com.au/
https://progressivemartialarts.com.au/product/padded-sticks-lameco-brand/	https://progressivemartialarts.com.au/product/padded-sticks-lameco-brand/
https://progressivemartialarts.com.au/product/punch-deluxe-thai-style-anklets/	https://progressivemartialarts.com.au/
https://progressivemartialarts.com.au/product/punch-deluxe-thai-style-anklets/	https://progressivemartialarts.com.au/product/punch-deluxe-thai-style-anklets/
https://progressivemartialarts.com.au/product/rash-guard-inosanto-academy-long-sleeve/	https://progressivemartialarts.com.au/
https://progressivemartialarts.com.au/product/rash-guard-inosanto-academy-long-sleeve/	https://progressivemartialarts.com.au/product/rash-guard-inosanto-academy-long-sleeve/
https://progressivemartialarts.com.au/product/rash-guard-inosanto-academy-short-sleeve/	https://progressivemartialarts.com.au/
https://progressivemartialarts.com.au/product/rash-guard-inosanto-academy-short-sleeve/	https://progressivemartialarts.com.au/product/rash-guard-inosanto-academy-short-sleeve/
https://progressivemartialarts.com.au/product/rash-guard-jean-jacques-machado-short-sleeve/	https://progressivemartialarts.com.au/
https://progressivemartialarts.com.au/product/rash-guard-jean-jacques-machado-short-sleeve/	https://progressivemartialarts.com.au/product/rash-guard-jean-jacques-machado-short-sleeve/
https://progressivemartialarts.com.au/product/revgear-shorts/	https://progressivemartialarts.com.au/
https://progressivemartialarts.com.au/product/revgear-shorts/	https://progressivemartialarts.com.au/product/revgear-shorts/
https://progressivemartialarts.com.au/product/sharkee-open-folder-plastic-training-knife/	https://progressivemartialarts.com.au/
https://progressivemartialarts.com.au/product/sharkee-open-folder-plastic-training-knife/	https://progressivemartialarts.com.au/product/sharkee-open-folder-plastic-training-knife/
https://progressivemartialarts.com.au/product/sharkee-plastic-sparring-dagger/	https://progressivemartialarts.com.au/
https://progressivemartialarts.com.au/product/sharkee-plastic-sparring-dagger/	https://progressivemartialarts.com.au/product/sharkee-plastic-sparring-dagger/
https://progressivemartialarts.com.au/product/shorts-inosanto-academy-black-with-gold-logo/	https://progressivemartialarts.com.au/
https://progressivemartialarts.com.au/product/shorts-inosanto-academy-black-with-gold-logo/	https://progressivemartialarts.com.au/product/shorts-inosanto-academy-black-with-gold-logo/
https://progressivemartialarts.com.au/product/shorts-inosanto-academy-black-with-red-and-gold-logo/	https://progressivemartialarts.com.au/
https://progressivemartialarts.com.au/product/shorts-inosanto-academy-black-with-red-and-gold-logo/	https://progressivemartialarts.com.au/product/shorts-inosanto-academy-black-with-red-and-gold-logo/
https://progressivemartialarts.com.au/product/shorts-inosanto-academy-black-with-white-logo/	https://progressivemartialarts.com.au/
https://progressivemartialarts.com.au/product/shorts-inosanto-academy-black-with-white-logo/	https://progressivemartialarts.com.au/product/shorts-inosanto-academy-black-with-white-logo/
https://progressivemartialarts.com.au/product/shorts-inosanto-academy-board-shorts/	https://progressivemartialarts.com.au/
https://progressivemartialarts.com.au/product/shorts-inosanto-academy-board-shorts/	https://progressivemartialarts.com.au/product/shorts-inosanto-academy-board-shorts/
https://progressivemartialarts.com.au/product/shorts-thai-boxing-association-classic-logo/	https://progressivemartialarts.com.au/
https://progressivemartialarts.com.au/product/shorts-thai-boxing-association-classic-logo/	https://progressivemartialarts.com.au/product/shorts-thai-boxing-association-classic-logo/
https://progressivemartialarts.com.au/product/shorts-thai-boxing-shorts-revgear-various-colours/	https://progressivemartialarts.com.au/
https://progressivemartialarts.com.au/product/shorts-thai-boxing-shorts-revgear-various-colours/	https://progressivemartialarts.com.au/product/shorts-thai-boxing-shorts-revgear-various-colours/
https://progressivemartialarts.com.au/product/sifu-francis-fong-2014-train-with-the-masters/	https://progressivemartialarts.com.au/
https://progressivemartialarts.com.au/product/sifu-francis-fong-2014-train-with-the-masters/	https://progressivemartialarts.com.au/product/sifu-francis-fong-2014-train-with-the-masters/
https://progressivemartialarts.com.au/product/sifu-francis-fong-australia-seminars-november-2026/	https://progressivemartialarts.com.au/
https://progressivemartialarts.com.au/product/sifu-francis-fong-australia-seminars-november-2026/	https://progressivemartialarts.com.au/product/sifu-francis-fong-australia-seminars-november-2026/
https://progressivemartialarts.com.au/product/sifu-francis-fong-wing-chun-for-mma/	https://progressivemartialarts.com.au/
https://progressivemartialarts.com.au/product/sifu-francis-fong-wing-chun-for-mma/	https://progressivemartialarts.com.au/product/sifu-francis-fong-wing-chun-for-mma/
https://progressivemartialarts.com.au/product/singlet-guro-dan-inosanto-australian-tour-2016/	https://progressivemartialarts.com.au/
https://progressivemartialarts.com.au/product/singlet-guro-dan-inosanto-australian-tour-2016/	https://progressivemartialarts.com.au/product/singlet-guro-dan-inosanto-australian-tour-2016/
https://progressivemartialarts.com.au/product/singlet-guro-dan-inosanto-australian-tour-2019/	https://progressivemartialarts.com.au/
https://progressivemartialarts.com.au/product/singlet-guro-dan-inosanto-australian-tour-2019/	https://progressivemartialarts.com.au/product/singlet-guro-dan-inosanto-australian-tour-2019/
https://progressivemartialarts.com.au/product/singlet-inosanto-academy-12-spot/	https://progressivemartialarts.com.au/
https://progressivemartialarts.com.au/product/singlet-inosanto-academy-12-spot/	https://progressivemartialarts.com.au/product/singlet-inosanto-academy-12-spot/
https://progressivemartialarts.com.au/product/singlet-inosanto-academy-absorb-what-is-useful/	https://progressivemartialarts.com.au/
https://progressivemartialarts.com.au/product/singlet-inosanto-academy-absorb-what-is-useful/	https://progressivemartialarts.com.au/product/singlet-inosanto-academy-absorb-what-is-useful/
https://progressivemartialarts.com.au/product/singlet-inosanto-academy-kali/	https://progressivemartialarts.com.au/
https://progressivemartialarts.com.au/product/singlet-inosanto-academy-kali/	https://progressivemartialarts.com.au/product/singlet-inosanto-academy-kali/
https://progressivemartialarts.com.au/product/singlet-inosanto-academy-lacoste-inosanto-weapons/	https://progressivemartialarts.com.au/
https://progressivemartialarts.com.au/product/singlet-inosanto-academy-lacoste-inosanto-weapons/	https://progressivemartialarts.com.au/product/singlet-inosanto-academy-lacoste-inosanto-weapons/
https://progressivemartialarts.com.au/product/singlet-inosanto-academy-ladies-racerback/	https://progressivemartialarts.com.au/
https://progressivemartialarts.com.au/product/singlet-inosanto-academy-ladies-racerback/	https://progressivemartialarts.com.au/product/singlet-inosanto-academy-ladies-racerback/
https://progressivemartialarts.com.au/product/singlet-inosanto-academy-ladies-spaghetti-strap-gold/	https://progressivemartialarts.com.au/
https://progressivemartialarts.com.au/product/singlet-inosanto-academy-ladies-spaghetti-strap-gold/	https://progressivemartialarts.com.au/product/singlet-inosanto-academy-ladies-spaghetti-strap-gold/
https://progressivemartialarts.com.au/product/singlet-ladies-progressive-martial-arts/	https://progressivemartialarts.com.au/
https://progressivemartialarts.com.au/product/singlet-ladies-progressive-martial-arts/	https://progressivemartialarts.com.au/product/singlet-ladies-progressive-martial-arts/
https://progressivemartialarts.com.au/product/singlet-thai-boxing-association-classic/	https://progressivemartialarts.com.au/
https://progressivemartialarts.com.au/product/singlet-thai-boxing-association-classic/	https://progressivemartialarts.com.au/product/singlet-thai-boxing-association-classic/
https://progressivemartialarts.com.au/product/spezzano-introduction-to-madjapahit-silat-2-disc-set/	https://progressivemartialarts.com.au/
https://progressivemartialarts.com.au/product/spezzano-introduction-to-madjapahit-silat-2-disc-set/	https://progressivemartialarts.com.au/product/spezzano-introduction-to-madjapahit-silat-2-disc-set/
https://progressivemartialarts.com.au/product/spezzano-madjapahit-silat-2/	https://progressivemartialarts.com.au/
https://progressivemartialarts.com.au/product/spezzano-madjapahit-silat-2/	https://progressivemartialarts.com.au/product/spezzano-madjapahit-silat-2/
https://progressivemartialarts.com.au/product/stick-bag-inosanto-academy-medium/	https://progressivemartialarts.com.au/
https://progressivemartialarts.com.au/product/stick-bag-inosanto-academy-medium/	https://progressivemartialarts.com.au/product/stick-bag-inosanto-academy-medium/
https://progressivemartialarts.com.au/product/stick-bag-inosanto-academy-small/	https://progressivemartialarts.com.au/
https://progressivemartialarts.com.au/product/stick-bag-inosanto-academy-small/	https://progressivemartialarts.com.au/product/stick-bag-inosanto-academy-small/
https://progressivemartialarts.com.au/product/sulite-lameco-eskrima-advanced-laban-laro-volume-1/	https://progressivemartialarts.com.au/
https://progressivemartialarts.com.au/product/sulite-lameco-eskrima-advanced-laban-laro-volume-1/	https://progressivemartialarts.com.au/product/sulite-lameco-eskrima-advanced-laban-laro-volume-1/
https://progressivemartialarts.com.au/product/sulite-lameco-eskrima-advanced-laban-laro-volume-2/	https://progressivemartialarts.com.au/
https://progressivemartialarts.com.au/product/sulite-lameco-eskrima-advanced-laban-laro-volume-2/	https://progressivemartialarts.com.au/product/sulite-lameco-eskrima-advanced-laban-laro-volume-2/
https://progressivemartialarts.com.au/product/sulite-lameco-eskrima-at-the-vortex/	https://progressivemartialarts.com.au/
https://progressivemartialarts.com.au/product/sulite-lameco-eskrima-at-the-vortex/	https://progressivemartialarts.com.au/product/sulite-lameco-eskrima-at-the-vortex/
https://progressivemartialarts.com.au/product/sulite-lameco-eskrima-espada-y-daga/	https://progressivemartialarts.com.au/
https://progressivemartialarts.com.au/product/sulite-lameco-eskrima-espada-y-daga/	https://progressivemartialarts.com.au/product/sulite-lameco-eskrima-espada-y-daga/
https://progressivemartialarts.com.au/product/sulite-lameco-eskrima-essential-single-stick-skills-volume-1/	https://progressivemartialarts.com.au/
https://progressivemartialarts.com.au/product/sulite-lameco-eskrima-essential-single-stick-skills-volume-1/	https://progressivemartialarts.com.au/product/sulite-lameco-eskrima-essential-single-stick-skills-volume-1/
https://progressivemartialarts.com.au/product/sulite-lameco-eskrima-essential-single-stick-skills-volume-2/	https://progressivemartialarts.com.au/
https://progressivemartialarts.com.au/product/sulite-lameco-eskrima-essential-single-stick-skills-volume-2/	https://progressivemartialarts.com.au/product/sulite-lameco-eskrima-essential-single-stick-skills-volume-2/
https://progressivemartialarts.com.au/product/sulite-lameco-eskrima-practical-self-defense-volume-1/	https://progressivemartialarts.com.au/
https://progressivemartialarts.com.au/product/sulite-lameco-eskrima-practical-self-defense-volume-1/	https://progressivemartialarts.com.au/product/sulite-lameco-eskrima-practical-self-defense-volume-1/
https://progressivemartialarts.com.au/product/sulite-lameco-eskrima-practical-self-defense-volume-2/	https://progressivemartialarts.com.au/
https://progressivemartialarts.com.au/product/sulite-lameco-eskrima-practical-self-defense-volume-2/	https://progressivemartialarts.com.au/product/sulite-lameco-eskrima-practical-self-defense-volume-2/
https://progressivemartialarts.com.au/product/sulite-lameco-eskrima-secrets-of-double-stick-fighting-volume-1/	https://progressivemartialarts.com.au/
https://progressivemartialarts.com.au/product/sulite-lameco-eskrima-secrets-of-double-stick-fighting-volume-1/	https://progressivemartialarts.com.au/product/sulite-lameco-eskrima-secrets-of-double-stick-fighting-volume-1/
https://progressivemartialarts.com.au/product/sulite-lameco-eskrima-secrets-of-double-stick-fighting-volume-2/	https://progressivemartialarts.com.au/
https://progressivemartialarts.com.au/product/sulite-lameco-eskrima-secrets-of-double-stick-fighting-volume-2/	https://progressivemartialarts.com.au/product/sulite-lameco-eskrima-secrets-of-double-stick-fighting-volume-2/
https://progressivemartialarts.com.au/product/suwanda-sarong-system-advanced-techniques-volume-3/	https://progressivemartialarts.com.au/
https://progressivemartialarts.com.au/product/suwanda-sarong-system-advanced-techniques-volume-3/	https://progressivemartialarts.com.au/product/suwanda-sarong-system-advanced-techniques-volume-3/
https://progressivemartialarts.com.au/product/sweatpants-inosanto-academy-black-with-gold-logos/	https://progressivemartialarts.com.au/
https://progressivemartialarts.com.au/product/sweatpants-inosanto-academy-black-with-gold-logos/	https://progressivemartialarts.com.au/product/sweatpants-inosanto-academy-black-with-gold-logos/
https://progressivemartialarts.com.au/product/sweatpants-inosanto-academy-black-with-red-and-gold-logos/	https://progressivemartialarts.com.au/
https://progressivemartialarts.com.au/product/sweatpants-inosanto-academy-black-with-red-and-gold-logos/	https://progressivemartialarts.com.au/product/sweatpants-inosanto-academy-black-with-red-and-gold-logos/
https://progressivemartialarts.com.au/product/sweatpants-inosanto-academy-black-with-red-and-white-logos/	https://progressivemartialarts.com.au/
https://progressivemartialarts.com.au/product/sweatpants-inosanto-academy-black-with-red-and-white-logos/	https://progressivemartialarts.com.au/product/sweatpants-inosanto-academy-black-with-red-and-white-logos/
https://progressivemartialarts.com.au/product/sweatpants-thai-boxing-association-classic-logo/	https://progressivemartialarts.com.au/
https://progressivemartialarts.com.au/product/sweatpants-thai-boxing-association-classic-logo/	https://progressivemartialarts.com.au/product/sweatpants-thai-boxing-association-classic-logo/
https://progressivemartialarts.com.au/product/t-shirt-15-year-anniversary-train-with-the-legends-2013/	https://progressivemartialarts.com.au/
https://progressivemartialarts.com.au/product/t-shirt-15-year-anniversary-train-with-the-legends-2013/	https://progressivemartialarts.com.au/product/t-shirt-15-year-anniversary-train-with-the-legends-2013/
https://progressivemartialarts.com.au/product/t-shirt-guro-dan-inosanto-2016-australian-tour/	https://progressivemartialarts.com.au/
https://progressivemartialarts.com.au/product/t-shirt-guro-dan-inosanto-2016-australian-tour/	https://progressivemartialarts.com.au/product/t-shirt-guro-dan-inosanto-2016-australian-tour/
https://progressivemartialarts.com.au/product/t-shirt-guro-dan-inosanto-2019-australian-tour/	https://progressivemartialarts.com.au/
https://progressivemartialarts.com.au/product/t-shirt-guro-dan-inosanto-2019-australian-tour/	https://progressivemartialarts.com.au/product/t-shirt-guro-dan-inosanto-2019-australian-tour/
https://progressivemartialarts.com.au/product/t-shirt-inosanto-absorb-what-is-useful/	https://progressivemartialarts.com.au/
https://progressivemartialarts.com.au/product/t-shirt-inosanto-absorb-what-is-useful/	https://progressivemartialarts.com.au/product/t-shirt-inosanto-absorb-what-is-useful/
https://progressivemartialarts.com.au/product/t-shirt-inosanto-academy-12-spot/	https://progressivemartialarts.com.au/
https://progressivemartialarts.com.au/product/t-shirt-inosanto-academy-12-spot/	https://progressivemartialarts.com.au/product/t-shirt-inosanto-academy-12-spot/
https://progressivemartialarts.com.au/product/t-shirt-inosanto-academy-angel-necklace/	https://progressivemartialarts.com.au/
https://progressivemartialarts.com.au/product/t-shirt-inosanto-academy-angel-necklace/	https://progressivemartialarts.com.au/product/t-shirt-inosanto-academy-angel-necklace/
https://progressivemartialarts.com.au/product/t-shirt-inosanto-academy-angel-sash-blue-with-gold/	https://progressivemartialarts.com.au/
https://progressivemartialarts.com.au/product/t-shirt-inosanto-academy-angel-sash-blue-with-gold/	https://progressivemartialarts.com.au/product/t-shirt-inosanto-academy-angel-sash-blue-with-gold/
https://progressivemartialarts.com.au/product/t-shirt-inosanto-academy-university-t/	https://progressivemartialarts.com.au/
https://progressivemartialarts.com.au/product/t-shirt-inosanto-academy-university-t/	https://progressivemartialarts.com.au/product/t-shirt-inosanto-academy-university-t/
https://progressivemartialarts.com.au/product/t-shirt-inosanto-academy-weapons-of-the-southern-philippines/	https://progressivemartialarts.com.au/
https://progressivemartialarts.com.au/product/t-shirt-inosanto-academy-weapons-of-the-southern-philippines/	https://progressivemartialarts.com.au/product/t-shirt-inosanto-academy-weapons-of-the-southern-philippines/
https://progressivemartialarts.com.au/product/t-shirt-inosanto-academy-womens-bella-top/	https://progressivemartialarts.com.au/
https://progressivemartialarts.com.au/product/t-shirt-inosanto-academy-womens-bella-top/	https://progressivemartialarts.com.au/product/t-shirt-inosanto-academy-womens-bella-top/
https://progressivemartialarts.com.au/product/t-shirt-inosanto-kali/	https://progressivemartialarts.com.au/
https://progressivemartialarts.com.au/product/t-shirt-inosanto-kali/	https://progressivemartialarts.com.au/product/t-shirt-inosanto-kali/
https://progressivemartialarts.com.au/product/t-shirt-jean-jacques-machado-academia-de-jiu-jitsu-2/	https://progressivemartialarts.com.au/
https://progressivemartialarts.com.au/product/t-shirt-jean-jacques-machado-academia-de-jiu-jitsu-2/	https://progressivemartialarts.com.au/product/t-shirt-jean-jacques-machado-academia-de-jiu-jitsu-2/
https://progressivemartialarts.com.au/product/t-shirt-jean-jacques-machado-academia-de-jiu-jitsu-small-logo/	https://progressivemartialarts.com.au/
https://progressivemartialarts.com.au/product/t-shirt-jean-jacques-machado-academia-de-jiu-jitsu-small-logo/	https://progressivemartialarts.com.au/product/t-shirt-jean-jacques-machado-academia-de-jiu-jitsu-small-logo/
https://progressivemartialarts.com.au/product/t-shirt-lacoste-inosanto-system/	https://progressivemartialarts.com.au/
https://progressivemartialarts.com.au/product/t-shirt-lacoste-inosanto-system/	https://progressivemartialarts.com.au/product/t-shirt-lacoste-inosanto-system/
https://progressivemartialarts.com.au/product/t-shirt-mini-muscles/	https://progressivemartialarts.com.au/
https://progressivemartialarts.com.au/product/t-shirt-mini-muscles/	https://progressivemartialarts.com.au/product/t-shirt-mini-muscles/
https://progressivemartialarts.com.au/product/t-shirt-progressive-martial-arts/	https://progressivemartialarts.com.au/
https://progressivemartialarts.com.au/product/t-shirt-progressive-martial-arts/	https://progressivemartialarts.com.au/product/t-shirt-progressive-martial-arts/
https://progressivemartialarts.com.au/product/t-shirt-thai-boxing-association-classic/	https://progressivemartialarts.com.au/
https://progressivemartialarts.com.au/product/t-shirt-thai-boxing-association-classic/	https://progressivemartialarts.com.au/product/t-shirt-thai-boxing-association-classic/
https://progressivemartialarts.com.au/product/t-shirt-world-thai-boxing-association-new/	https://progressivemartialarts.com.au/
https://progressivemartialarts.com.au/product/t-shirt-world-thai-boxing-association-new/	https://progressivemartialarts.com.au/product/t-shirt-world-thai-boxing-association-new/
https://progressivemartialarts.com.au/product/thai-pads-curved-punch-brand/	https://progressivemartialarts.com.au/
https://progressivemartialarts.com.au/product/thai-pads-curved-punch-brand/	https://progressivemartialarts.com.au/product/thai-pads-curved-punch-brand/
https://progressivemartialarts.com.au/product/the-lord-is-my-shepherd-by-chaplain-michael-wise/	https://progressivemartialarts.com.au/
https://progressivemartialarts.com.au/product/the-lord-is-my-shepherd-by-chaplain-michael-wise/	https://progressivemartialarts.com.au/product/the-lord-is-my-shepherd-by-chaplain-michael-wise/
https://progressivemartialarts.com.au/product/the-winning-mindset-jim-brault-and-kevin-seamen/	https://progressivemartialarts.com.au/
https://progressivemartialarts.com.au/product/the-winning-mindset-jim-brault-and-kevin-seamen/	https://progressivemartialarts.com.au/product/the-winning-mindset-jim-brault-and-kevin-seamen/
https://progressivemartialarts.com.au/product/towels-progressive-martial-arts-body-towels/	https://progressivemartialarts.com.au/
https://progressivemartialarts.com.au/product/towels-progressive-martial-arts-body-towels/	https://progressivemartialarts.com.au/product/towels-progressive-martial-arts-body-towels/
https://progressivemartialarts.com.au/product/towels-progressive-martial-arts-large-bath-towel/	https://progressivemartialarts.com.au/
https://progressivemartialarts.com.au/product/towels-progressive-martial-arts-large-bath-towel/	https://progressivemartialarts.com.au/product/towels-progressive-martial-arts-large-bath-towel/
https://progressivemartialarts.com.au/product/viking-shorts/	https://progressivemartialarts.com.au/
https://progressivemartialarts.com.au/product/viking-shorts/	https://progressivemartialarts.com.au/product/viking-shorts/
https://progressivemartialarts.com.au/product/womens-yoga-pants/	https://progressivemartialarts.com.au/
https://progressivemartialarts.com.au/product/womens-yoga-pants/	https://progressivemartialarts.com.au/product/womens-yoga-pants/
https://progressivemartialarts.com.au/product/wraps-ikat/	https://progressivemartialarts.com.au/
https://progressivemartialarts.com.au/product/wraps-ikat/	https://progressivemartialarts.com.au/product/wraps-ikat/
https://progressivemartialarts.com.au/product/wraps-malong/	https://progressivemartialarts.com.au/
https://progressivemartialarts.com.au/product/wraps-malong/	https://progressivemartialarts.com.au/product/wraps-malong/
https://progressivemartialarts.com.au/product/wraps-sarong/	https://progressivemartialarts.com.au/
https://progressivemartialarts.com.au/product/wraps-sarong/	https://progressivemartialarts.com.au/product/wraps-sarong/
https://progressivemartialarts.com.au/professor-jean-jacques-seminar/	https://progressivemartialarts.com.au/
https://progressivemartialarts.com.au/professor-jean-jacques-seminar/	https://progressivemartialarts.com.au/wp-comments-post.php
https://progressivemartialarts.com.au/ranges/	https://progressivemartialarts.com.au/
https://progressivemartialarts.com.au/shop-2/	https://progressivemartialarts.com.au/
https://progressivemartialarts.com.au/shop/	https://progressivemartialarts.com.au/
https://progressivemartialarts.com.au/shopping-bag/	https://progressivemartialarts.com.au/
https://progressivemartialarts.com.au/sifu-francis/	https://progressivemartialarts.com.au/
https://progressivemartialarts.com.au/silat/	https://progressivemartialarts.com.au/
https://progressivemartialarts.com.au/student-photos/	https://progressivemartialarts.com.au/
https://progressivemartialarts.com.au/tag/bjj/	https://progressivemartialarts.com.au/
https://progressivemartialarts.com.au/tag/brazilian-jiu-jitsu/	https://progressivemartialarts.com.au/
https://progressivemartialarts.com.au/tag/jean-jacques-machado/	https://progressivemartialarts.com.au/
https://progressivemartialarts.com.au/tag/seminar/	https://progressivemartialarts.com.au/
https://progressivemartialarts.com.au/thai-boxing/	https://progressivemartialarts.com.au/
https://progressivemartialarts.com.au/timetable/	https://progressivemartialarts.com.au/
https://progressivemartialarts.com.au/visiting-student-information/	https://progressivemartialarts.com.au/
