url	type	template	builder	bytes
https://progressivemartialarts.com.au/	home	page-template-elementor-template	elementor	175734
https://progressivemartialarts.com.au/author/15ef25c842b4a4bf/	archive			111574
https://progressivemartialarts.com.au/author/7afa0b863b49dcc6/	archive			108609
https://progressivemartialarts.com.au/blog/	page			121691
https://progressivemartialarts.com.au/brand/iama/	archive			138660
https://progressivemartialarts.com.au/brand/jj-machado/	archive			124205
https://progressivemartialarts.com.au/brand/lameco/	archive			135707
https://progressivemartialarts.com.au/brand/morgan/	archive			114673
https://progressivemartialarts.com.au/brand/progressive/	archive			136035
https://progressivemartialarts.com.au/brand/punch/	archive			131703
https://progressivemartialarts.com.au/brand/revgear/	archive			114548
https://progressivemartialarts.com.au/brand/sharkee/	archive			114294
https://progressivemartialarts.com.au/brand/wtba/	archive			119797
https://progressivemartialarts.com.au/category/news/	archive			111822
https://progressivemartialarts.com.au/category/seminar/	archive			109239
https://progressivemartialarts.com.au/category/uncategorized/	archive			116427
https://progressivemartialarts.com.au/certified-instructors-under-guro-daniel-inosanto/	page	page-template-default	elementor	181503
https://progressivemartialarts.com.au/checkout/	page	page-template-default		176327
https://progressivemartialarts.com.au/contact/	page	page-template-elementor-template	elementor	127480
https://progressivemartialarts.com.au/courses/hair-advanced-cource/	single-courses			138730
https://progressivemartialarts.com.au/courses/hair-basic-cource/	single-courses			120004
https://progressivemartialarts.com.au/courses/makeup-basic-cource/	single-courses			120412
https://progressivemartialarts.com.au/courses/nail-basic-cource/	single-courses			120377
https://progressivemartialarts.com.au/grappling-bjj/	page	page-template-default	elementor	147464
https://progressivemartialarts.com.au/guro-dan-and-sifu-francis-2022-seminar-photos/	single-post		elementor	294955
https://progressivemartialarts.com.au/guro-dan/	single-post		elementor	121835
https://progressivemartialarts.com.au/historical-pictures-from-various-classes/	page	page-template-default	elementor	121235
https://progressivemartialarts.com.au/home-1-boxer/	page	page-template-default		554529
https://progressivemartialarts.com.au/	home	page-template-elementor-template	elementor	175734
https://progressivemartialarts.com.au/jeet-kune-do-concepts/	page	page-template-default	elementor	117193
https://progressivemartialarts.com.au/kali/	page	page-template-default	elementor	143013
https://progressivemartialarts.com.au/latest-news/	page	page-template-default	elementor	114374
https://progressivemartialarts.com.au/lee-jun-fan-gung-fu/	page	page-template-default	elementor	126236
https://progressivemartialarts.com.au/links/	page	page-template-default	elementor	121165
https://progressivemartialarts.com.au/mini-muscles/	page	page-template-default	elementor	140502
https://progressivemartialarts.com.au/muay-thai/	page	page-template-default	elementor	143682
https://progressivemartialarts.com.au/photos-of-cookie-with-other-instructors/	page	page-template-default	elementor	144882
https://progressivemartialarts.com.au/pictures-from-earlier-seminars/	page	page-template-default	elementor	126847
https://progressivemartialarts.com.au/pictures-master-jean-jacques-machado-seminar-2023/	single-post		elementor	114510
https://progressivemartialarts.com.au/pmaai-history/	page	page-template-default	elementor	134510
https://progressivemartialarts.com.au/pmaai-instructors-and-support-crew/	page	page-template-default	elementor	164511
https://progressivemartialarts.com.au/product-category/ankle-guards/	archive			114786
https://progressivemartialarts.com.au/product-category/bag/	archive			123072
https://progressivemartialarts.com.au/product-category/book/	archive			125618
https://progressivemartialarts.com.au/product-category/calendar/	archive			114913
https://progressivemartialarts.com.au/product-category/dvd/	archive			139747
https://progressivemartialarts.com.au/product-category/focus-mitts/	archive			124330
https://progressivemartialarts.com.au/product-category/gis/	archive			119418
https://progressivemartialarts.com.au/product-category/gloves/	archive			119661
https://progressivemartialarts.com.au/product-category/hats/	archive			115021
https://progressivemartialarts.com.au/product-category/hoodies-and-jackets/	archive			122807
https://progressivemartialarts.com.au/product-category/kids-hoodies/	archive			114603
https://progressivemartialarts.com.au/product-category/mini-muscles/	archive			114460
https://progressivemartialarts.com.au/product-category/pants/	archive			125612
https://progressivemartialarts.com.au/product-category/patches/	archive			117574
https://progressivemartialarts.com.au/product-category/posters/	archive			116102
https://progressivemartialarts.com.au/product-category/rash-guards/	archive			118568
https://progressivemartialarts.com.au/product-category/seminar/	archive			118320
https://progressivemartialarts.com.au/product-category/shorts/	archive			124902
https://progressivemartialarts.com.au/product-category/singlets/	archive			129150
https://progressivemartialarts.com.au/product-category/t-shirts/	archive			139771
https://progressivemartialarts.com.au/product-category/thai-pads/	archive			116398
https://progressivemartialarts.com.au/product-category/towel/	archive			118117
https://progressivemartialarts.com.au/product-category/training-equipment/	archive			140474
https://progressivemartialarts.com.au/product-category/wraps/	archive			119409
https://progressivemartialarts.com.au/product-tag/accessories/	archive			116740
https://progressivemartialarts.com.au/product-tag/ajarn-chai-sirisute/	archive			139183
https://progressivemartialarts.com.au/product-tag/ajarn-dan-inosanto/	archive			112909
https://progressivemartialarts.com.au/product-tag/all-dvd/	archive			138710
https://progressivemartialarts.com.au/product-tag/aluminium/	archive			118465
https://progressivemartialarts.com.au/product-tag/aluminum-training-dagger/	archive			138233
https://progressivemartialarts.com.au/product-tag/aluminum-training-sword/	archive			115400
https://progressivemartialarts.com.au/product-tag/angels/	archive			113384
https://progressivemartialarts.com.au/product-tag/anklets/	archive			112659
https://progressivemartialarts.com.au/product-tag/area-3/	archive			114794
https://progressivemartialarts.com.au/product-tag/area-8/	archive			115515
https://progressivemartialarts.com.au/product-tag/arnis/	archive			137536
https://progressivemartialarts.com.au/product-tag/axe/	archive			113242
https://progressivemartialarts.com.au/product-tag/bags/	archive			117684
https://progressivemartialarts.com.au/product-tag/baston/	archive			117538
https://progressivemartialarts.com.au/product-tag/bersilat/	archive			115081
https://progressivemartialarts.com.au/product-tag/bjj/	archive			140766
https://progressivemartialarts.com.au/product-tag/blades/	archive			138053
https://progressivemartialarts.com.au/product-tag/book/	archive			125078
https://progressivemartialarts.com.au/product-tag/boxing-gloves/	archive			115923
https://progressivemartialarts.com.au/product-tag/boxing/	archive			115040
https://progressivemartialarts.com.au/product-tag/brazilian-jiu-jitsu-bjj/	archive			125240
https://progressivemartialarts.com.au/product-tag/brazilian-jiu-jitsu/	archive			124871
https://progressivemartialarts.com.au/product-tag/bruce-lee/	archive			141878
https://progressivemartialarts.com.au/product-tag/cambodian-kickboxing/	archive			142544
https://progressivemartialarts.com.au/product-tag/cane/	archive			113257
https://progressivemartialarts.com.au/product-tag/carlos-machado/	archive			113199
https://progressivemartialarts.com.au/product-tag/catch/	archive			121708
https://progressivemartialarts.com.au/product-tag/cd/	archive			114608
https://progressivemartialarts.com.au/product-tag/chi-sao/	archive			113495
https://progressivemartialarts.com.au/product-tag/combat-submission-wrestling-csw/	archive			117399
https://progressivemartialarts.com.au/product-tag/cotton/	archive			112718
https://progressivemartialarts.com.au/product-tag/definitive-dvd/	archive			134321
https://progressivemartialarts.com.au/product-tag/deshon/	archive			113197
https://progressivemartialarts.com.au/product-tag/dirty-boxing/	archive			113327
https://progressivemartialarts.com.au/product-tag/double-stick/	archive			113377
https://progressivemartialarts.com.au/product-tag/drums/	archive			112918
https://progressivemartialarts.com.au/product-tag/duffle-bag/	archive			113018
https://progressivemartialarts.com.au/product-tag/empty-hand/	archive			112852
https://progressivemartialarts.com.au/product-tag/escrima/	archive			132953
https://progressivemartialarts.com.au/product-tag/eskrima-sticks/	archive			120425
https://progressivemartialarts.com.au/product-tag/eskrima/	archive			140234
https://progressivemartialarts.com.au/product-tag/ffia/	archive			113511
https://progressivemartialarts.com.au/product-tag/filipino-american-history/	archive			113116
https://progressivemartialarts.com.au/product-tag/filipino-boxing/	archive			114981
https://progressivemartialarts.com.au/product-tag/filipino-martial-art/	archive			136480
https://progressivemartialarts.com.au/product-tag/filipino-martial-arts-fma/	archive			118294
https://progressivemartialarts.com.au/product-tag/filipino-martial-arts/	archive			140084
https://progressivemartialarts.com.au/product-tag/fma/	archive			138558
https://progressivemartialarts.com.au/product-tag/focus-mitts/	archive			118344
https://progressivemartialarts.com.au/product-tag/focus-paddles/	archive			113207
https://progressivemartialarts.com.au/product-tag/fong-dvd/	archive			114145
https://progressivemartialarts.com.au/product-tag/gi-patch-kit/	archive			113406
https://progressivemartialarts.com.au/product-tag/gi-patch/	archive			113426
https://progressivemartialarts.com.au/product-tag/grappling/	archive			141261
https://progressivemartialarts.com.au/product-tag/gung-fu/	archive			113556
https://progressivemartialarts.com.au/product-tag/guro-dan-inosanto/	archive			138883
https://progressivemartialarts.com.au/product-tag/guru-dan-inosanto/	archive			113228
https://progressivemartialarts.com.au/product-tag/guru/	archive			113329
https://progressivemartialarts.com.au/product-tag/hoodie/	archive			117067
https://progressivemartialarts.com.au/product-tag/hoodies/	archive			114213
https://progressivemartialarts.com.au/product-tag/ikat/	archive			135456
https://progressivemartialarts.com.au/product-tag/indonesia/	archive			113375
https://progressivemartialarts.com.au/product-tag/indonesian/	archive			112830
https://progressivemartialarts.com.au/product-tag/inosanto-academy/	archive			139144
https://progressivemartialarts.com.au/product-tag/inosanto-dvd/	archive			142297
https://progressivemartialarts.com.au/product-tag/inosanto/	archive			135638
https://progressivemartialarts.com.au/product-tag/jean-jacques-machado/	archive			115146
https://progressivemartialarts.com.au/product-tag/jeet-kune-do/	archive			115298
https://progressivemartialarts.com.au/product-tag/jkd/	archive			139948
https://progressivemartialarts.com.au/product-tag/john-lacoste/	archive			113338
https://progressivemartialarts.com.au/product-tag/john-machado/	archive			113169
https://progressivemartialarts.com.au/product-tag/jun-fan-gung-fu-jkd/	archive			130349
https://progressivemartialarts.com.au/product-tag/jun-fan-gung-fu/	archive			140317
https://progressivemartialarts.com.au/product-tag/kali/	archive			138581
https://progressivemartialarts.com.au/product-tag/kamot-lihok/	archive			113245
https://progressivemartialarts.com.au/product-tag/kapulubad/	archive			113242
https://progressivemartialarts.com.au/product-tag/keris/	archive			113338
https://progressivemartialarts.com.au/product-tag/kick-boxing/	archive			116266
https://progressivemartialarts.com.au/product-tag/kickboxing/	archive			140117
https://progressivemartialarts.com.au/product-tag/kicking-shield/	archive			113265
https://progressivemartialarts.com.au/product-tag/knife/	archive			139654
https://progressivemartialarts.com.au/product-tag/krabi-krabong/	archive			118839
https://progressivemartialarts.com.au/product-tag/kris/	archive			113323
https://progressivemartialarts.com.au/product-tag/kun-khmer-pradal-serey/	archive			139890
https://progressivemartialarts.com.au/product-tag/ladies/	archive			119435
https://progressivemartialarts.com.au/product-tag/lameco-eskrima/	archive			130053
https://progressivemartialarts.com.au/product-tag/lameco-padded-dagger/	archive			113249
https://progressivemartialarts.com.au/product-tag/lameco-padded-sticks/	archive			113295
https://progressivemartialarts.com.au/product-tag/lameco/	archive			113125
https://progressivemartialarts.com.au/product-tag/layog/	archive			113182
https://progressivemartialarts.com.au/product-tag/legends-dvd/	archive			116055
https://progressivemartialarts.com.au/product-tag/legends/	archive			119604
https://progressivemartialarts.com.au/product-tag/little-dragons/	archive			113140
https://progressivemartialarts.com.au/product-tag/long-sleeve/	archive			123099
https://progressivemartialarts.com.au/product-tag/madjapahit-martial-arts/	archive			116209
https://progressivemartialarts.com.au/product-tag/majapahit/	archive			139326
https://progressivemartialarts.com.au/product-tag/malong/	archive			139490
https://progressivemartialarts.com.au/product-tag/mande-muda-pencak-silat/	archive			113025
https://progressivemartialarts.com.au/product-tag/mande-muda/	archive			139984
https://progressivemartialarts.com.au/product-tag/maphilindo-silat/	archive			139473
https://progressivemartialarts.com.au/product-tag/mini-muscles/	archive			112988
https://progressivemartialarts.com.au/product-tag/mma/	archive			139393
https://progressivemartialarts.com.au/product-tag/muay-thai-thai-boxing/	archive			139946
https://progressivemartialarts.com.au/product-tag/muay-thai/	archive			139489
https://progressivemartialarts.com.au/product-tag/nempel-kaki/	archive			113555
https://progressivemartialarts.com.au/product-tag/other-dvd/	archive			126369
https://progressivemartialarts.com.au/product-tag/oumry-ban/	archive			114296
https://progressivemartialarts.com.au/product-tag/panantukan/	archive			116472
https://progressivemartialarts.com.au/product-tag/pangamut/	archive			116375
https://progressivemartialarts.com.au/product-tag/patches/	archive			113411
https://progressivemartialarts.com.au/product-tag/pencak-silat/	archive			140226
https://progressivemartialarts.com.au/product-tag/pendekar-herman-suwanda/	archive			133009
https://progressivemartialarts.com.au/product-tag/pentjak-silat/	archive			140023
https://progressivemartialarts.com.au/product-tag/philosophy/	archive			114507
https://progressivemartialarts.com.au/product-tag/professor-dan-inosanto/	archive			113636
https://progressivemartialarts.com.au/product-tag/professor-jean-jacques-machado/	archive			120514
https://progressivemartialarts.com.au/product-tag/progressive-martial-arts/	archive			119507
https://progressivemartialarts.com.au/product-tag/punong-guro-edgar-sulite/	archive			133990
https://progressivemartialarts.com.au/product-tag/racerback/	archive			113252
https://progressivemartialarts.com.au/product-tag/rashguard/	archive			117067
https://progressivemartialarts.com.au/product-tag/rattan-sticks/	archive			113055
https://progressivemartialarts.com.au/product-tag/regino-ilustrisimo/	archive			113428
https://progressivemartialarts.com.au/product-tag/rigan-machado/	archive			113184
https://progressivemartialarts.com.au/product-tag/roger-machado/	archive			113184
https://progressivemartialarts.com.au/product-tag/sarong/	archive			139625
https://progressivemartialarts.com.au/product-tag/seama/	archive			117440
https://progressivemartialarts.com.au/product-tag/self-defence/	archive			136393
https://progressivemartialarts.com.au/product-tag/self-defense/	archive			113175
https://progressivemartialarts.com.au/product-tag/shield/	archive			113424
https://progressivemartialarts.com.au/product-tag/shoot-wrestling/	archive			121858
https://progressivemartialarts.com.au/product-tag/shooto/	archive			121723
https://progressivemartialarts.com.au/product-tag/shorts/	archive			118771
https://progressivemartialarts.com.au/product-tag/sifu-bruce-lee/	archive			116991
https://progressivemartialarts.com.au/product-tag/sifu-dan-inosanto/	archive			131447
https://progressivemartialarts.com.au/product-tag/sifu-francis-fong/	archive			120035
https://progressivemartialarts.com.au/product-tag/sifu-taky-kimura/	archive			112713
https://progressivemartialarts.com.au/product-tag/sifu/	archive			139656
https://progressivemartialarts.com.au/product-tag/singlet/	archive			123835
https://progressivemartialarts.com.au/product-tag/southeast-asian/	archive			112849
https://progressivemartialarts.com.au/product-tag/spear/	archive			119727
https://progressivemartialarts.com.au/product-tag/staff/	archive			127585
https://progressivemartialarts.com.au/product-tag/stick-and-dagger/	archive			141485
https://progressivemartialarts.com.au/product-tag/stick-dagger/	archive			113395
https://progressivemartialarts.com.au/product-tag/stick/	archive			113283
https://progressivemartialarts.com.au/product-tag/sticks/	archive			113085
https://progressivemartialarts.com.au/product-tag/sticky-hands/	archive			113570
https://progressivemartialarts.com.au/product-tag/stockton-california-usa/	archive			113086
https://progressivemartialarts.com.au/product-tag/sulite-dvd/	archive			128499
https://progressivemartialarts.com.au/product-tag/sweatpants/	archive			119718
https://progressivemartialarts.com.au/product-tag/sword/	archive			121845
https://progressivemartialarts.com.au/product-tag/t-shirt/	archive			123641
https://progressivemartialarts.com.au/product-tag/tba-wtba/	archive			114700
https://progressivemartialarts.com.au/product-tag/thai-chi/	archive			113510
https://progressivemartialarts.com.au/product-tag/thai-pads/	archive			114929
https://progressivemartialarts.com.au/product-tag/thumpas/	archive			114747
https://progressivemartialarts.com.au/product-tag/towels/	archive			116667
https://progressivemartialarts.com.au/product-tag/training-dagger/	archive			114935
https://progressivemartialarts.com.au/product-tag/training-equipment/	archive			114554
https://progressivemartialarts.com.au/product-tag/training-music/	archive			114788
https://progressivemartialarts.com.au/product-tag/trapping/	archive			123149
https://progressivemartialarts.com.au/product-tag/triangle-gi/	archive			113150
https://progressivemartialarts.com.au/product-tag/weapon/	archive			112792
https://progressivemartialarts.com.au/product-tag/weapons/	archive			113726
https://progressivemartialarts.com.au/product-tag/wing-chun-kung-fu/	archive			113706
https://progressivemartialarts.com.au/product-tag/wing-chun/	archive			128670
https://progressivemartialarts.com.au/product-tag/women/	archive			134598
https://progressivemartialarts.com.au/product-tag/world-thai-boxing-association/	archive			118518
https://progressivemartialarts.com.au/product-tag/wraps/	archive			112681
https://progressivemartialarts.com.au/product-tag/wtba/	archive			112688
https://progressivemartialarts.com.au/product-tag/yoga-pants/	archive			112491
https://progressivemartialarts.com.au/product/10-urban-floor-to-ceiling-ball/	single-product			134743
https://progressivemartialarts.com.au/product/aluminum-training-dagger-breast-cancer-awareness/	single-product			137194
https://progressivemartialarts.com.au/product/aluminum-training-dagger-kris-dagger/	single-product			138508
https://progressivemartialarts.com.au/product/aluminum-training-dagger-large-carbon-fibre-knife/	single-product			137586
https://progressivemartialarts.com.au/product/aluminum-training-dagger-large-dipped-knives/	single-product			159081
https://progressivemartialarts.com.au/product/aluminum-training-dagger-large-faded/	single-product			163266
https://progressivemartialarts.com.au/product/aluminum-training-dagger-large-sand-camo/	single-product			147664
https://progressivemartialarts.com.au/product/aluminum-training-dagger-medium-spattered-knives/	single-product			151596
https://progressivemartialarts.com.au/product/aluminum-training-dagger-no-001-2/	single-product			146849
https://progressivemartialarts.com.au/product/aluminum-training-dagger-no-002/	single-product			136192
https://progressivemartialarts.com.au/product/aluminum-training-dagger-no-003/	single-product			135580
https://progressivemartialarts.com.au/product/aluminum-training-dagger-no-004/	single-product			135223
https://progressivemartialarts.com.au/product/aluminum-training-dagger-no-005-2/	single-product			136957
https://progressivemartialarts.com.au/product/aluminum-training-dagger-no-006/	single-product			135671
https://progressivemartialarts.com.au/product/aluminum-training-dagger-no-007/	single-product			170306
https://progressivemartialarts.com.au/product/aluminum-training-dagger-orange-and-brown-lizard-scale/	single-product			138147
https://progressivemartialarts.com.au/product/aluminum-training-karambit/	single-product			134681
https://progressivemartialarts.com.au/product/aluminum-training-sword-inosanto-academy-barong/	single-product			137917
https://progressivemartialarts.com.au/product/aluminum-training-sword-inosanto-academy-kris-sword/	single-product			138002
https://progressivemartialarts.com.au/product/arm-guard/	single-product			149150
https://progressivemartialarts.com.au/product/bag-inosanto-academy-duffel-bag-24/	single-product			135538
https://progressivemartialarts.com.au/product/bag-inosanto-academy-duffel-bag-with-mesh-panel/	single-product			136531
https://progressivemartialarts.com.au/product/bag-inosanto-academy-duffel-bag/	single-product			136841
https://progressivemartialarts.com.au/product/bag-inosanto-academy-training-dagger-bag/	single-product			135677
https://progressivemartialarts.com.au/product/baseball-hat-inosanto-baseball-cap/	single-product			134177
https://progressivemartialarts.com.au/product/bolt-basics-of-learning-and-teaching/	single-product			135690
https://progressivemartialarts.com.au/product/book-a-path-of-mastery/	single-product			135845
https://progressivemartialarts.com.au/product/boxing-gloves-12oz-morgan-brand-brown-leather/	single-product			142254
https://progressivemartialarts.com.au/product/boxing-gloves-12oz-punch-brand-black-red-and-blue/	single-product			151151
https://progressivemartialarts.com.au/product/boxing-gloves-12oz-punch-brand-black-with-gold-skulls/	single-product			144406
https://progressivemartialarts.com.au/product/boxing-gloves-12oz-punch-brand-white-with-gold-skulls/	single-product			139774
https://progressivemartialarts.com.au/product/brazilian-jiu-jitsu-black-belt-techniques/	single-product			139282
https://progressivemartialarts.com.au/product/bruce-lee-forever-a-tribute-to-the-one-and-only-taky-kimura/	single-product			133364
https://progressivemartialarts.com.au/product/bruce-lee-tao-of-jeet-kune-do/	single-product			133906
https://progressivemartialarts.com.au/product/calendar-2010-remember-reclaim/	single-product			134772
https://progressivemartialarts.com.au/product/capoeira-for-active-adults/	single-product			134760
https://progressivemartialarts.com.au/product/cd-buddy-helm-training-music/	single-product			139430
https://progressivemartialarts.com.au/product/cd-heavens-drums/	single-product			139824
https://progressivemartialarts.com.au/product/dan-inosanto-legends-foldout-poster-with-bruce-lee/	single-product			138006
https://progressivemartialarts.com.au/product/dosmanos-sticks/	single-product			130046
https://progressivemartialarts.com.au/product/dubin-michael-dubin-drumming-seven-essential-rhythms-for-instructors/	single-product			136441
https://progressivemartialarts.com.au/product/dubin-rhythmic-training-for-martial-arts/	single-product			134264
https://progressivemartialarts.com.au/product/focus-mitts-micro-fuerte-punch-brand-thumpas/	single-product			134458
https://progressivemartialarts.com.au/product/focus-mitts-morgan-brand-thumpas/	single-product			141957
https://progressivemartialarts.com.au/product/focus-mitts-punch-brand-thumpas-2/	single-product			133048
https://progressivemartialarts.com.au/product/focus-mitts-punch-brand-thumpas/	single-product			138151
https://progressivemartialarts.com.au/product/focus-paddles-mexican-fuerte-paddles-punch-brand/	single-product			132880
https://progressivemartialarts.com.au/product/gi-jean-jacques-machado-triangle-brand/	single-product			219329
https://progressivemartialarts.com.au/product/gi-patch-kit-inosanto-academy-shield/	single-product			157204
https://progressivemartialarts.com.au/product/gi-patch-kit-jean-jacques-machado/	single-product			155524
https://progressivemartialarts.com.au/product/groin-guard/	single-product			145460
https://progressivemartialarts.com.au/product/guro-dan-inosanto-australia-tour-november-2026/	single-product			167387
https://progressivemartialarts.com.au/product/hand-towels/	single-product			143765
https://progressivemartialarts.com.au/product/hand-wraps-stretch-punch-brand/	single-product			137589
https://progressivemartialarts.com.au/product/hoodie-inosanto-academy-sweatshirt-black-with-gold-logos/	single-product			152095
https://progressivemartialarts.com.au/product/hoodie-inosanto-academy-sweatshirt-shield-logo/	single-product			155270
https://progressivemartialarts.com.au/product/hoodie-with-zipper-inosanto-academy-sweatshirt-black-with-gold-logos/	single-product			165701
https://progressivemartialarts.com.au/product/hoodie-with-zipper-inosanto-academy-sweatshirt-shield-logo/	single-product			152747
https://progressivemartialarts.com.au/product/hoodie-with-zipper-little-dragons-sweatshirt/	single-product			149001
https://progressivemartialarts.com.au/product/inosanto-2012-abecedario-contradas/	single-product			137883
https://progressivemartialarts.com.au/product/inosanto-2012-australia-mixed-arts/	single-product			139098
https://progressivemartialarts.com.au/product/inosanto-2012-australia-silat/	single-product			136619
https://progressivemartialarts.com.au/product/inosanto-2012-australia-thai-boxing/	single-product			136706
https://progressivemartialarts.com.au/product/inosanto-2012-mixed-silat-training-camp-8-dvd-set/	single-product			139137
https://progressivemartialarts.com.au/product/inosanto-2012-pangamut/	single-product			136756
https://progressivemartialarts.com.au/product/inosanto-2012-sensitivity/	single-product			138601
https://progressivemartialarts.com.au/product/inosanto-2012-stick-dagger/	single-product			137110
https://progressivemartialarts.com.au/product/inosanto-2013-12-areas-of-kali-area-1/	single-product			138088
https://progressivemartialarts.com.au/product/inosanto-2013-12-areas-of-kali-area-2/	single-product			138201
https://progressivemartialarts.com.au/product/inosanto-2013-australia-jun-fan-gung-fu-jkd/	single-product			137970
https://progressivemartialarts.com.au/product/inosanto-2013-australia-mma-4-dvd-set/	single-product			140449
https://progressivemartialarts.com.au/product/inosanto-2013-australia-thai-boxing/	single-product			137425
https://progressivemartialarts.com.au/product/inosanto-2013-australia-weaponry-disarms/	single-product			137517
https://progressivemartialarts.com.au/product/inosanto-2013-dumog/	single-product			137626
https://progressivemartialarts.com.au/product/inosanto-2013-legends-8-dvd-set/	single-product			137896
https://progressivemartialarts.com.au/product/inosanto-2013-mixed-silat-training-camp-8-dvd-set/	single-product			138243
https://progressivemartialarts.com.au/product/inosanto-2013-panantukan/	single-product			137149
https://progressivemartialarts.com.au/product/inosanto-2014-australia-joint-locking/	single-product			136963
https://progressivemartialarts.com.au/product/inosanto-2014-australia-jun-fan-gung-fu-jkd/	single-product			136762
https://progressivemartialarts.com.au/product/inosanto-2014-australia-mma-4-dvd-set/	single-product			136796
https://progressivemartialarts.com.au/product/inosanto-2014-australia-thai-boxing/	single-product			137326
https://progressivemartialarts.com.au/product/inosanto-2014-lacoste-ilustrisimo-inosanto-systems/	single-product			136667
https://progressivemartialarts.com.au/product/inosanto-2014-maphilindo-silat-day-1/	single-product			136318
https://progressivemartialarts.com.au/product/inosanto-2014-maphilindo-silat-day-2/	single-product			137188
https://progressivemartialarts.com.au/product/inosanto-2014-mixed-silat-training-camp-8-dvd-set/	single-product			138665
https://progressivemartialarts.com.au/product/inosanto-2014-weaponry-disarms/	single-product			136364
https://progressivemartialarts.com.au/product/inosanto-2015-abecedario-contradas-day-1/	single-product			137023
https://progressivemartialarts.com.au/product/inosanto-2015-abecedario-contradas-day-2/	single-product			136504
https://progressivemartialarts.com.au/product/inosanto-2015-australia-flexible-weapons/	single-product			137446
https://progressivemartialarts.com.au/product/inosanto-2015-australia-jun-fan-gung-fu-jkd/	single-product			135535
https://progressivemartialarts.com.au/product/inosanto-2015-australia-mixed-arts-3-dvd-set/	single-product			134902
https://progressivemartialarts.com.au/product/inosanto-2015-australia-sensitivity-drills/	single-product			138051
https://progressivemartialarts.com.au/product/inosanto-2015-australia-stick-dagger/	single-product			136786
https://progressivemartialarts.com.au/product/inosanto-2015-australia-thai-boxing/	single-product			137599
https://progressivemartialarts.com.au/product/inosanto-2015-flexible-weapons-march/	single-product			137975
https://progressivemartialarts.com.au/product/inosanto-2015-joint-locking/	single-product			135665
https://progressivemartialarts.com.au/product/inosanto-2015-legends-8-dvd-set/	single-product			136319
https://progressivemartialarts.com.au/product/inosanto-2015-mixed-silat-training-camp-8-dvd-set/	single-product			138357
https://progressivemartialarts.com.au/product/inosanto-2016-australia-empty-hand-vs-weapons/	single-product			137507
https://progressivemartialarts.com.au/product/inosanto-2016-australia-jun-fan-gung-fu-jkd/	single-product			136007
https://progressivemartialarts.com.au/product/inosanto-2016-australia-mixed-arts-day-1-2-disc-set/	single-product			136383
https://progressivemartialarts.com.au/product/inosanto-2016-australia-mixed-arts-day-2-2-disc-set/	single-product			137284
https://progressivemartialarts.com.au/product/inosanto-2016-australia-panantukan-filipino-boxing/	single-product			136661
https://progressivemartialarts.com.au/product/inosanto-2016-australia-self-defense/	single-product			135574
https://progressivemartialarts.com.au/product/inosanto-2016-australia-thai-boxing/	single-product			136682
https://progressivemartialarts.com.au/product/inosanto-2016-legends-8-dvd-set/	single-product			136229
https://progressivemartialarts.com.au/product/inosanto-2016-se-asian-cambodian-kickboxing/	single-product			136786
https://progressivemartialarts.com.au/product/inosanto-2016-self-defense-volume-1/	single-product			135612
https://progressivemartialarts.com.au/product/inosanto-2017-12-areas-of-kali-area-8-staff-day-1/	single-product			137207
https://progressivemartialarts.com.au/product/inosanto-2017-12-areas-of-kali-area-8-staff-day-2/	single-product			138042
https://progressivemartialarts.com.au/product/inosanto-2017-australia-jun-fan-gung-fu-jkd/	single-product			137153
https://progressivemartialarts.com.au/product/inosanto-2017-australia-locks-and-controls/	single-product			137265
https://progressivemartialarts.com.au/product/inosanto-2017-australia-maphilindo-silat/	single-product			137731
https://progressivemartialarts.com.au/product/inosanto-2017-australia-mixed-arts-day-1/	single-product			138107
https://progressivemartialarts.com.au/product/inosanto-2017-australia-mixed-arts-day-2/	single-product			137973
https://progressivemartialarts.com.au/product/inosanto-2017-australia-thai-boxing/	single-product			137838
https://progressivemartialarts.com.au/product/inosanto-2017-australia-weaponry-disarms/	single-product			138000
https://progressivemartialarts.com.au/product/inosanto-2017-sarong-malong/	single-product			136669
https://progressivemartialarts.com.au/product/inosanto-2017-stick-dagger-tie-ups-counters/	single-product			136619
https://progressivemartialarts.com.au/product/inosanto-2018-australia-jun-fan-gung-fu-jkd/	single-product			137636
https://progressivemartialarts.com.au/product/inosanto-2018-australia-locks-and-controls/	single-product			137170
https://progressivemartialarts.com.au/product/inosanto-2018-australia-mixed-arts-day-1-2-disc-set/	single-product			138731
https://progressivemartialarts.com.au/product/inosanto-2018-australia-mixed-arts-day-2-2-disc-set/	single-product			139278
https://progressivemartialarts.com.au/product/inosanto-2018-australia-thai-boxing/	single-product			137748
https://progressivemartialarts.com.au/product/inosanto-2018-mixed-silat/	single-product			138085
https://progressivemartialarts.com.au/product/inosanto-2018-weaponry/	single-product			136960
https://progressivemartialarts.com.au/product/inosanto-2019-australia-flexible-weapons/	single-product			137689
https://progressivemartialarts.com.au/product/inosanto-2019-australia-locks-and-controls/	single-product			138496
https://progressivemartialarts.com.au/product/inosanto-2019-australia-weaponry/	single-product			138224
https://progressivemartialarts.com.au/product/inosanto-2019-jun-fan-gung-fu-jkd/	single-product			138275
https://progressivemartialarts.com.au/product/inosanto-2023-australia-jun-fan-gung-fu-jkd/	single-product			137010
https://progressivemartialarts.com.au/product/inosanto-2023-australia-locks-and-controls/	single-product			138827
https://progressivemartialarts.com.au/product/inosanto-2023-australia-mixed-arts-day-2/	single-product			140408
https://progressivemartialarts.com.au/product/inosanto-2023-australia-silat/	single-product			137425
https://progressivemartialarts.com.au/product/inosanto-2023-australia-thai-boxing/	single-product			137960
https://progressivemartialarts.com.au/product/inosanto-2023-krabi-krabong-seama-day-1/	single-product			139990
https://progressivemartialarts.com.au/product/inosanto-2023-krabi-krabong-seama-day-2/	single-product			139801
https://progressivemartialarts.com.au/product/inosanto-2024-legends-8-dvd-set/	single-product			138936
https://progressivemartialarts.com.au/product/inosanto-academy-rattan-kali-sticks-1-pair/	single-product			136243
https://progressivemartialarts.com.au/product/inosanto-academy-windbreaker-jacket/	single-product			151028
https://progressivemartialarts.com.au/product/inosanto-collector-series-training-in-the-martial-arts-3-dvd-set/	single-product			139834
https://progressivemartialarts.com.au/product/inosanto-definitive-collection-5-dvd-set/	single-product			148088
https://progressivemartialarts.com.au/product/inosanto-definitive-collection-9-dvd-set/	single-product			160352
https://progressivemartialarts.com.au/product/inosanto-definitive-collection-volume-1-jun-fan-kickboxing/	single-product			137654
https://progressivemartialarts.com.au/product/inosanto-definitive-collection-volume-2-jun-fan-trapping/	single-product			137621
https://progressivemartialarts.com.au/product/inosanto-definitive-collection-volume-3-jun-fan-grappling/	single-product			138463
https://progressivemartialarts.com.au/product/inosanto-definitive-collection-volume-4-panantukan/	single-product			138380
https://progressivemartialarts.com.au/product/inosanto-definitive-collection-volume-5-dumog/	single-product			138649
https://progressivemartialarts.com.au/product/inosanto-definitive-collection-volume-6-single-stick/	single-product			138165
https://progressivemartialarts.com.au/product/inosanto-definitive-collection-volume-7-stick-and-dagger/	single-product			138455
https://progressivemartialarts.com.au/product/inosanto-definitive-collection-volume-8-edged-weapons-defense-1/	single-product			137613
https://progressivemartialarts.com.au/product/inosanto-definitive-collection-volume-9-edged-weapons-defense-2/	single-product			138064
https://progressivemartialarts.com.au/product/journal-of-the-unknown-soldier-michael-wise/	single-product			129930
https://progressivemartialarts.com.au/product/kick-shield-dummy-for-self-defense-punch-brand/	single-product			137898
https://progressivemartialarts.com.au/product/lameco-hand-guard-priced-individually/	single-product			150253
https://progressivemartialarts.com.au/product/large-spattered-knives/	single-product			166326
https://progressivemartialarts.com.au/product/long-pants-progressive-martial-arts/	single-product			147932
https://progressivemartialarts.com.au/product/long-sleeve-absorb-what-is-useful-baseball-shirt-black-gray/	single-product			150798
https://progressivemartialarts.com.au/product/long-sleeve-absorb-what-is-useful-baseball-shirt-blue-gold/	single-product			155300
https://progressivemartialarts.com.au/product/long-sleeve-inosanto-academy-sport-tek-members-baseball-jersey/	single-product			157562
https://progressivemartialarts.com.au/product/machado-5-machado-brothers-seminar-4-dvd-set/	single-product			136944
https://progressivemartialarts.com.au/product/martial-arts-masters-3-dvd-set/	single-product			138185
https://progressivemartialarts.com.au/product/padded-knife-small/	single-product			136920
https://progressivemartialarts.com.au/product/padded-sticks-lameco-brand/	single-product			150350
https://progressivemartialarts.com.au/product/punch-deluxe-thai-style-anklets/	single-product			154951
https://progressivemartialarts.com.au/product/rash-guard-inosanto-academy-long-sleeve/	single-product			152979
https://progressivemartialarts.com.au/product/rash-guard-inosanto-academy-short-sleeve/	single-product			152647
https://progressivemartialarts.com.au/product/rash-guard-jean-jacques-machado-short-sleeve/	single-product			154450
https://progressivemartialarts.com.au/product/revgear-shorts/	single-product			161231
https://progressivemartialarts.com.au/product/sharkee-open-folder-plastic-training-knife/	single-product			135622
https://progressivemartialarts.com.au/product/sharkee-plastic-sparring-dagger/	single-product			135771
https://progressivemartialarts.com.au/product/shorts-inosanto-academy-black-with-gold-logo/	single-product			151394
https://progressivemartialarts.com.au/product/shorts-inosanto-academy-black-with-red-and-gold-logo/	single-product			152275
https://progressivemartialarts.com.au/product/shorts-inosanto-academy-black-with-white-logo/	single-product			148845
https://progressivemartialarts.com.au/product/shorts-inosanto-academy-board-shorts/	single-product			149652
https://progressivemartialarts.com.au/product/shorts-thai-boxing-association-classic-logo/	single-product			152278
https://progressivemartialarts.com.au/product/shorts-thai-boxing-shorts-revgear-various-colours/	single-product			202719
https://progressivemartialarts.com.au/product/sifu-francis-fong-2014-train-with-the-masters/	single-product			135715
https://progressivemartialarts.com.au/product/sifu-francis-fong-australia-seminars-november-2026/	single-product			166393
https://progressivemartialarts.com.au/product/sifu-francis-fong-wing-chun-for-mma/	single-product			137180
https://progressivemartialarts.com.au/product/singlet-guro-dan-inosanto-australian-tour-2016/	single-product			155620
https://progressivemartialarts.com.au/product/singlet-guro-dan-inosanto-australian-tour-2019/	single-product			163688
https://progressivemartialarts.com.au/product/singlet-inosanto-academy-12-spot/	single-product			172177
https://progressivemartialarts.com.au/product/singlet-inosanto-academy-absorb-what-is-useful/	single-product			152633
https://progressivemartialarts.com.au/product/singlet-inosanto-academy-kali/	single-product			151424
https://progressivemartialarts.com.au/product/singlet-inosanto-academy-lacoste-inosanto-weapons/	single-product			150545
https://progressivemartialarts.com.au/product/singlet-inosanto-academy-ladies-racerback/	single-product			156268
https://progressivemartialarts.com.au/product/singlet-inosanto-academy-ladies-spaghetti-strap-gold/	single-product			150474
https://progressivemartialarts.com.au/product/singlet-ladies-progressive-martial-arts/	single-product			157213
https://progressivemartialarts.com.au/product/singlet-thai-boxing-association-classic/	single-product			148959
https://progressivemartialarts.com.au/product/spezzano-introduction-to-madjapahit-silat-2-disc-set/	single-product			136852
https://progressivemartialarts.com.au/product/spezzano-madjapahit-silat-2/	single-product			137000
https://progressivemartialarts.com.au/product/stick-bag-inosanto-academy-medium/	single-product			134415
https://progressivemartialarts.com.au/product/stick-bag-inosanto-academy-small/	single-product			136331
https://progressivemartialarts.com.au/product/sulite-lameco-eskrima-advanced-laban-laro-volume-1/	single-product			137114
https://progressivemartialarts.com.au/product/sulite-lameco-eskrima-advanced-laban-laro-volume-2/	single-product			136572
https://progressivemartialarts.com.au/product/sulite-lameco-eskrima-at-the-vortex/	single-product			136273
https://progressivemartialarts.com.au/product/sulite-lameco-eskrima-espada-y-daga/	single-product			136160
https://progressivemartialarts.com.au/product/sulite-lameco-eskrima-essential-single-stick-skills-volume-1/	single-product			137564
https://progressivemartialarts.com.au/product/sulite-lameco-eskrima-essential-single-stick-skills-volume-2/	single-product			137559
https://progressivemartialarts.com.au/product/sulite-lameco-eskrima-practical-self-defense-volume-1/	single-product			136286
https://progressivemartialarts.com.au/product/sulite-lameco-eskrima-practical-self-defense-volume-2/	single-product			137174
https://progressivemartialarts.com.au/product/sulite-lameco-eskrima-secrets-of-double-stick-fighting-volume-1/	single-product			137327
https://progressivemartialarts.com.au/product/sulite-lameco-eskrima-secrets-of-double-stick-fighting-volume-2/	single-product			137370
https://progressivemartialarts.com.au/product/suwanda-sarong-system-advanced-techniques-volume-3/	single-product			137893
https://progressivemartialarts.com.au/product/sweatpants-inosanto-academy-black-with-gold-logos/	single-product			157996
https://progressivemartialarts.com.au/product/sweatpants-inosanto-academy-black-with-red-and-gold-logos/	single-product			159925
https://progressivemartialarts.com.au/product/sweatpants-inosanto-academy-black-with-red-and-white-logos/	single-product			161131
https://progressivemartialarts.com.au/product/sweatpants-thai-boxing-association-classic-logo/	single-product			160971
https://progressivemartialarts.com.au/product/t-shirt-15-year-anniversary-train-with-the-legends-2013/	single-product			154064
https://progressivemartialarts.com.au/product/t-shirt-guro-dan-inosanto-2016-australian-tour/	single-product			154808
https://progressivemartialarts.com.au/product/t-shirt-guro-dan-inosanto-2019-australian-tour/	single-product			186593
https://progressivemartialarts.com.au/product/t-shirt-inosanto-absorb-what-is-useful/	single-product			152381
https://progressivemartialarts.com.au/product/t-shirt-inosanto-academy-12-spot/	single-product			199120
https://progressivemartialarts.com.au/product/t-shirt-inosanto-academy-angel-necklace/	single-product			176523
https://progressivemartialarts.com.au/product/t-shirt-inosanto-academy-angel-sash-blue-with-gold/	single-product			161521
https://progressivemartialarts.com.au/product/t-shirt-inosanto-academy-university-t/	single-product			200885
https://progressivemartialarts.com.au/product/t-shirt-inosanto-academy-weapons-of-the-southern-philippines/	single-product			149823
https://progressivemartialarts.com.au/product/t-shirt-inosanto-academy-womens-bella-top/	single-product			150416
https://progressivemartialarts.com.au/product/t-shirt-inosanto-kali/	single-product			150358
https://progressivemartialarts.com.au/product/t-shirt-jean-jacques-machado-academia-de-jiu-jitsu-2/	single-product			207777
https://progressivemartialarts.com.au/product/t-shirt-jean-jacques-machado-academia-de-jiu-jitsu-small-logo/	single-product			151122
https://progressivemartialarts.com.au/product/t-shirt-lacoste-inosanto-system/	single-product			150500
https://progressivemartialarts.com.au/product/t-shirt-mini-muscles/	single-product			205347
https://progressivemartialarts.com.au/product/t-shirt-progressive-martial-arts/	single-product			171406
https://progressivemartialarts.com.au/product/t-shirt-thai-boxing-association-classic/	single-product			151208
https://progressivemartialarts.com.au/product/t-shirt-world-thai-boxing-association-new/	single-product			151804
https://progressivemartialarts.com.au/product/thai-pads-curved-punch-brand/	single-product			148457
https://progressivemartialarts.com.au/product/the-lord-is-my-shepherd-by-chaplain-michael-wise/	single-product			134097
https://progressivemartialarts.com.au/product/the-winning-mindset-jim-brault-and-kevin-seamen/	single-product			140627
https://progressivemartialarts.com.au/product/towels-progressive-martial-arts-body-towels/	single-product			149195
https://progressivemartialarts.com.au/product/towels-progressive-martial-arts-large-bath-towel/	single-product			141755
https://progressivemartialarts.com.au/product/viking-shorts/	single-product			182478
https://progressivemartialarts.com.au/product/womens-yoga-pants/	single-product			144193
https://progressivemartialarts.com.au/product/wraps-ikat/	single-product			140285
https://progressivemartialarts.com.au/product/wraps-malong/	single-product			136257
https://progressivemartialarts.com.au/product/wraps-sarong/	single-product			135604
https://progressivemartialarts.com.au/professor-jean-jacques-seminar/	single-post			115781
https://progressivemartialarts.com.au/ranges/	page	page-template-default	elementor	116408
https://progressivemartialarts.com.au/?s=test	search			114410
https://progressivemartialarts.com.au/shop-2/	page	page-template-default		106277
https://progressivemartialarts.com.au/shop/	archive			142140
https://progressivemartialarts.com.au/shopping-bag/	page	page-template-default		176327
https://progressivemartialarts.com.au/sifu-francis/	single-post		elementor	122904
https://progressivemartialarts.com.au/silat/	page	page-template-default	elementor	138510
https://progressivemartialarts.com.au/student-photos/	page	page-template-default	elementor	118698
https://progressivemartialarts.com.au/tag/bjj/	archive			107494
https://progressivemartialarts.com.au/tag/brazilian-jiu-jitsu/	archive			107686
https://progressivemartialarts.com.au/tag/jean-jacques-machado/	archive			107698
https://progressivemartialarts.com.au/tag/seminar/	archive			107542
https://progressivemartialarts.com.au/thai-boxing/	page	page-template-default	elementor	118823
https://progressivemartialarts.com.au/timetable/	page	page-template-default	elementor	122419
https://progressivemartialarts.com.au/visiting-student-information/	page	page-template-default	elementor	120260
