url	sitemap	lastmod
https://progressivemartialarts.com.au/blog/	post-sitemap.xml	2026-07-31T06:10:31+00:00
https://progressivemartialarts.com.au/guro-dan/	post-sitemap.xml	2022-10-27T14:10:11+00:00
https://progressivemartialarts.com.au/sifu-francis/	post-sitemap.xml	2022-10-27T14:15:27+00:00
https://progressivemartialarts.com.au/professor-jean-jacques-seminar/	post-sitemap.xml	2026-04-17T21:26:32+00:00
https://progressivemartialarts.com.au/pictures-master-jean-jacques-machado-seminar-2023/	post-sitemap.xml	2026-07-31T06:06:20+00:00
https://progressivemartialarts.com.au/guro-dan-and-sifu-francis-2022-seminar-photos/	post-sitemap.xml	2026-07-31T06:10:31+00:00
https://progressivemartialarts.com.au/	page-sitemap.xml	2026-05-20T05:05:22+00:00
https://progressivemartialarts.com.au/shop-2/	page-sitemap.xml	2018-05-15T08:00:36+00:00
https://progressivemartialarts.com.au/thai-boxing/	page-sitemap.xml	2019-12-30T02:57:06+00:00
https://progressivemartialarts.com.au/shopping-bag/	page-sitemap.xml	2020-07-10T11:40:39+00:00
https://progressivemartialarts.com.au/checkout/	page-sitemap.xml	2020-07-10T11:41:25+00:00
https://progressivemartialarts.com.au/links/	page-sitemap.xml	2022-11-04T05:20:19+00:00
https://progressivemartialarts.com.au/jeet-kune-do-concepts/	page-sitemap.xml	2024-02-07T02:10:13+00:00
https://progressivemartialarts.com.au/kali/	page-sitemap.xml	2024-10-16T23:48:08+00:00
https://progressivemartialarts.com.au/pictures-from-earlier-seminars/	page-sitemap.xml	2025-02-26T06:31:20+00:00
https://progressivemartialarts.com.au/ranges/	page-sitemap.xml	2025-02-26T06:47:37+00:00
https://progressivemartialarts.com.au/student-photos/	page-sitemap.xml	2025-02-26T06:48:50+00:00
https://progressivemartialarts.com.au/mini-muscles/	page-sitemap.xml	2025-11-04T03:54:00+00:00
https://progressivemartialarts.com.au/lee-jun-fan-gung-fu/	page-sitemap.xml	2026-02-17T00:20:26+00:00
https://progressivemartialarts.com.au/home-1-boxer/	page-sitemap.xml	2026-04-16T01:05:00+00:00
https://progressivemartialarts.com.au/latest-news/	page-sitemap.xml	2026-04-17T02:47:32+00:00
https://progressivemartialarts.com.au/shop/	page-sitemap.xml	2026-04-17T20:52:02+00:00
https://progressivemartialarts.com.au/pmaai-history/	page-sitemap.xml	2026-04-17T21:30:05+00:00
https://progressivemartialarts.com.au/timetable/	page-sitemap.xml	2026-06-16T23:07:37+00:00
https://progressivemartialarts.com.au/contact/	page-sitemap.xml	2026-07-09T22:40:25+00:00
https://progressivemartialarts.com.au/silat/	page-sitemap.xml	2026-07-09T22:54:02+00:00
https://progressivemartialarts.com.au/muay-thai/	page-sitemap.xml	2026-07-11T01:04:15+00:00
https://progressivemartialarts.com.au/grappling-bjj/	page-sitemap.xml	2026-07-11T01:23:36+00:00
https://progressivemartialarts.com.au/visiting-student-information/	page-sitemap.xml	2026-07-13T04:12:42+00:00
https://progressivemartialarts.com.au/pmaai-instructors-and-support-crew/	page-sitemap.xml	2026-07-21T23:01:03+00:00
https://progressivemartialarts.com.au/certified-instructors-under-guro-daniel-inosanto/	page-sitemap.xml	2026-07-31T06:07:36+00:00
https://progressivemartialarts.com.au/historical-pictures-from-various-classes/	page-sitemap.xml	2026-07-31T06:11:52+00:00
https://progressivemartialarts.com.au/photos-of-cookie-with-other-instructors/	page-sitemap.xml	2026-07-31T06:12:33+00:00
https://progressivemartialarts.com.au/shop/	product-sitemap.xml	2026-08-21T04:30:31+00:00
https://progressivemartialarts.com.au/product/baseball-hat-inosanto-baseball-cap/	product-sitemap.xml	2026-04-28T00:21:07+00:00
https://progressivemartialarts.com.au/product/inosanto-academy-windbreaker-jacket/	product-sitemap.xml	2026-04-28T00:22:01+00:00
https://progressivemartialarts.com.au/product/t-shirt-mini-muscles/	product-sitemap.xml	2026-04-28T02:40:19+00:00
https://progressivemartialarts.com.au/product/aluminum-training-dagger-medium-spattered-knives/	product-sitemap.xml	2026-04-28T03:11:46+00:00
https://progressivemartialarts.com.au/product/wraps-ikat/	product-sitemap.xml	2026-04-28T23:55:41+00:00
https://progressivemartialarts.com.au/product/towels-progressive-martial-arts-large-bath-towel/	product-sitemap.xml	2026-04-28T23:59:33+00:00
https://progressivemartialarts.com.au/product/towels-progressive-martial-arts-body-towels/	product-sitemap.xml	2026-04-29T00:09:52+00:00
https://progressivemartialarts.com.au/product/hand-towels/	product-sitemap.xml	2026-04-29T00:11:12+00:00
https://progressivemartialarts.com.au/product/focus-mitts-micro-fuerte-punch-brand-thumpas/	product-sitemap.xml	2026-05-13T22:59:31+00:00
https://progressivemartialarts.com.au/product/lameco-hand-guard-priced-individually/	product-sitemap.xml	2026-05-13T23:40:45+00:00
https://progressivemartialarts.com.au/product/kick-shield-dummy-for-self-defense-punch-brand/	product-sitemap.xml	2026-05-14T00:05:15+00:00
https://progressivemartialarts.com.au/product/focus-mitts-punch-brand-thumpas-2/	product-sitemap.xml	2026-05-14T00:47:01+00:00
https://progressivemartialarts.com.au/product/arm-guard/	product-sitemap.xml	2026-05-16T04:20:58+00:00
https://progressivemartialarts.com.au/product/bag-inosanto-academy-duffel-bag/	product-sitemap.xml	2026-05-16T04:21:34+00:00
https://progressivemartialarts.com.au/product/bag-inosanto-academy-duffel-bag-with-mesh-panel/	product-sitemap.xml	2026-05-16T04:27:19+00:00
https://progressivemartialarts.com.au/product/bag-inosanto-academy-duffel-bag-24/	product-sitemap.xml	2026-05-16T04:28:42+00:00
https://progressivemartialarts.com.au/product/hoodie-with-zipper-little-dragons-sweatshirt/	product-sitemap.xml	2026-05-16T04:47:11+00:00
https://progressivemartialarts.com.au/product/focus-mitts-punch-brand-thumpas/	product-sitemap.xml	2026-05-17T00:19:11+00:00
https://progressivemartialarts.com.au/product/stick-bag-inosanto-academy-small/	product-sitemap.xml	2026-05-17T01:21:18+00:00
https://progressivemartialarts.com.au/product/stick-bag-inosanto-academy-medium/	product-sitemap.xml	2026-05-17T01:21:55+00:00
https://progressivemartialarts.com.au/product/bag-inosanto-academy-training-dagger-bag/	product-sitemap.xml	2026-05-17T01:23:07+00:00
https://progressivemartialarts.com.au/product/bruce-lee-tao-of-jeet-kune-do/	product-sitemap.xml	2026-05-17T01:37:09+00:00
https://progressivemartialarts.com.au/product/calendar-2010-remember-reclaim/	product-sitemap.xml	2026-05-17T01:43:12+00:00
https://progressivemartialarts.com.au/product/rash-guard-inosanto-academy-short-sleeve/	product-sitemap.xml	2026-05-17T01:51:39+00:00
https://progressivemartialarts.com.au/product/rash-guard-inosanto-academy-long-sleeve/	product-sitemap.xml	2026-05-17T01:53:00+00:00
https://progressivemartialarts.com.au/product/thai-pads-curved-punch-brand/	product-sitemap.xml	2026-05-17T04:46:34+00:00
https://progressivemartialarts.com.au/product/shorts-inosanto-academy-board-shorts/	product-sitemap.xml	2026-05-18T02:40:36+00:00
https://progressivemartialarts.com.au/product/sweatpants-inosanto-academy-black-with-gold-logos/	product-sitemap.xml	2026-05-19T04:27:35+00:00
https://progressivemartialarts.com.au/product/sweatpants-thai-boxing-association-classic-logo/	product-sitemap.xml	2026-05-19T04:33:36+00:00
https://progressivemartialarts.com.au/product/long-pants-progressive-martial-arts/	product-sitemap.xml	2026-05-19T04:45:08+00:00
https://progressivemartialarts.com.au/product/womens-yoga-pants/	product-sitemap.xml	2026-05-19T05:05:55+00:00
https://progressivemartialarts.com.au/product/shorts-thai-boxing-shorts-revgear-various-colours/	product-sitemap.xml	2026-05-19T05:14:34+00:00
https://progressivemartialarts.com.au/product/shorts-inosanto-academy-black-with-gold-logo/	product-sitemap.xml	2026-05-19T05:18:52+00:00
https://progressivemartialarts.com.au/product/shorts-inosanto-academy-black-with-red-and-gold-logo/	product-sitemap.xml	2026-05-19T05:19:32+00:00
https://progressivemartialarts.com.au/product/shorts-inosanto-academy-black-with-white-logo/	product-sitemap.xml	2026-05-19T05:22:15+00:00
https://progressivemartialarts.com.au/product/shorts-thai-boxing-association-classic-logo/	product-sitemap.xml	2026-05-19T05:32:24+00:00
https://progressivemartialarts.com.au/product/viking-shorts/	product-sitemap.xml	2026-05-19T06:53:59+00:00
https://progressivemartialarts.com.au/product/revgear-shorts/	product-sitemap.xml	2026-05-19T20:00:36+00:00
https://progressivemartialarts.com.au/product/hand-wraps-stretch-punch-brand/	product-sitemap.xml	2026-05-20T23:02:00+00:00
https://progressivemartialarts.com.au/product/hoodie-inosanto-academy-sweatshirt-shield-logo/	product-sitemap.xml	2026-06-10T02:39:44+00:00
https://progressivemartialarts.com.au/product/aluminum-training-dagger-breast-cancer-awareness/	product-sitemap.xml	2026-06-10T23:08:23+00:00
https://progressivemartialarts.com.au/product/aluminum-training-dagger-no-001-2/	product-sitemap.xml	2026-06-10T23:14:06+00:00
https://progressivemartialarts.com.au/product/aluminum-training-dagger-no-003/	product-sitemap.xml	2026-06-10T23:14:41+00:00
https://progressivemartialarts.com.au/product/aluminum-training-dagger-no-004/	product-sitemap.xml	2026-06-10T23:15:22+00:00
https://progressivemartialarts.com.au/product/cd-buddy-helm-training-music/	product-sitemap.xml	2026-06-11T23:17:45+00:00
https://progressivemartialarts.com.au/product/cd-heavens-drums/	product-sitemap.xml	2026-06-11T23:18:02+00:00
https://progressivemartialarts.com.au/product/brazilian-jiu-jitsu-black-belt-techniques/	product-sitemap.xml	2026-06-11T23:30:03+00:00
https://progressivemartialarts.com.au/product/dan-inosanto-legends-foldout-poster-with-bruce-lee/	product-sitemap.xml	2026-06-11T23:31:05+00:00
https://progressivemartialarts.com.au/product/the-lord-is-my-shepherd-by-chaplain-michael-wise/	product-sitemap.xml	2026-06-11T23:32:10+00:00
https://progressivemartialarts.com.au/product/aluminum-training-dagger-kris-dagger/	product-sitemap.xml	2026-06-11T23:35:02+00:00
https://progressivemartialarts.com.au/product/aluminum-training-dagger-large-carbon-fibre-knife/	product-sitemap.xml	2026-06-11T23:36:21+00:00
https://progressivemartialarts.com.au/product/aluminum-training-dagger-large-sand-camo/	product-sitemap.xml	2026-06-11T23:36:21+00:00
https://progressivemartialarts.com.au/product/aluminum-training-dagger-large-faded/	product-sitemap.xml	2026-06-11T23:36:21+00:00
https://progressivemartialarts.com.au/product/aluminum-training-dagger-large-dipped-knives/	product-sitemap.xml	2026-06-11T23:36:21+00:00
https://progressivemartialarts.com.au/product/aluminum-training-dagger-no-002/	product-sitemap.xml	2026-06-11T23:36:22+00:00
https://progressivemartialarts.com.au/product/aluminum-training-dagger-orange-and-brown-lizard-scale/	product-sitemap.xml	2026-06-11T23:36:22+00:00
https://progressivemartialarts.com.au/product/large-spattered-knives/	product-sitemap.xml	2026-06-11T23:36:22+00:00
https://progressivemartialarts.com.au/product/aluminum-training-dagger-no-006/	product-sitemap.xml	2026-06-11T23:36:22+00:00
https://progressivemartialarts.com.au/product/aluminum-training-dagger-no-007/	product-sitemap.xml	2026-06-11T23:37:53+00:00
https://progressivemartialarts.com.au/product/sharkee-plastic-sparring-dagger/	product-sitemap.xml	2026-06-11T23:39:04+00:00
https://progressivemartialarts.com.au/product/sharkee-open-folder-plastic-training-knife/	product-sitemap.xml	2026-06-11T23:39:47+00:00
https://progressivemartialarts.com.au/product/boxing-gloves-12oz-punch-brand-black-red-and-blue/	product-sitemap.xml	2026-06-12T03:53:21+00:00
https://progressivemartialarts.com.au/product/hoodie-with-zipper-inosanto-academy-sweatshirt-black-with-gold-logos/	product-sitemap.xml	2026-06-12T06:06:52+00:00
https://progressivemartialarts.com.au/product/long-sleeve-absorb-what-is-useful-baseball-shirt-black-gray/	product-sitemap.xml	2026-06-12T06:14:38+00:00
https://progressivemartialarts.com.au/product/long-sleeve-absorb-what-is-useful-baseball-shirt-blue-gold/	product-sitemap.xml	2026-06-12T06:15:13+00:00
https://progressivemartialarts.com.au/product/long-sleeve-inosanto-academy-sport-tek-members-baseball-jersey/	product-sitemap.xml	2026-06-12T06:15:45+00:00
https://progressivemartialarts.com.au/product/hoodie-with-zipper-inosanto-academy-sweatshirt-shield-logo/	product-sitemap.xml	2026-06-12T06:19:18+00:00
https://progressivemartialarts.com.au/product/aluminum-training-karambit/	product-sitemap.xml	2026-06-13T00:50:32+00:00
https://progressivemartialarts.com.au/product/aluminum-training-dagger-no-005-2/	product-sitemap.xml	2026-06-13T00:51:18+00:00
https://progressivemartialarts.com.au/product/wraps-sarong/	product-sitemap.xml	2026-06-13T00:51:55+00:00
https://progressivemartialarts.com.au/product/padded-sticks-lameco-brand/	product-sitemap.xml	2026-06-13T00:53:16+00:00
https://progressivemartialarts.com.au/product/padded-knife-small/	product-sitemap.xml	2026-06-13T00:53:36+00:00
https://progressivemartialarts.com.au/product/wraps-malong/	product-sitemap.xml	2026-06-13T00:54:07+00:00
https://progressivemartialarts.com.au/product/punch-deluxe-thai-style-anklets/	product-sitemap.xml	2026-06-13T00:55:38+00:00
https://progressivemartialarts.com.au/product/gi-patch-kit-inosanto-academy-shield/	product-sitemap.xml	2026-06-13T01:02:47+00:00
https://progressivemartialarts.com.au/product/singlet-guro-dan-inosanto-australian-tour-2016/	product-sitemap.xml	2026-06-13T01:16:28+00:00
https://progressivemartialarts.com.au/product/singlet-guro-dan-inosanto-australian-tour-2019/	product-sitemap.xml	2026-06-13T01:19:47+00:00
https://progressivemartialarts.com.au/product/singlet-inosanto-academy-absorb-what-is-useful/	product-sitemap.xml	2026-06-13T01:22:39+00:00
https://progressivemartialarts.com.au/product/singlet-inosanto-academy-12-spot/	product-sitemap.xml	2026-06-13T01:31:52+00:00
https://progressivemartialarts.com.au/product/singlet-inosanto-academy-kali/	product-sitemap.xml	2026-06-13T01:35:15+00:00
https://progressivemartialarts.com.au/product/singlet-inosanto-academy-lacoste-inosanto-weapons/	product-sitemap.xml	2026-06-13T01:39:02+00:00
https://progressivemartialarts.com.au/product/singlet-inosanto-academy-ladies-racerback/	product-sitemap.xml	2026-06-13T01:41:33+00:00
https://progressivemartialarts.com.au/product/singlet-inosanto-academy-ladies-spaghetti-strap-gold/	product-sitemap.xml	2026-06-13T01:43:31+00:00
https://progressivemartialarts.com.au/product/singlet-ladies-progressive-martial-arts/	product-sitemap.xml	2026-06-13T01:45:47+00:00
https://progressivemartialarts.com.au/product/singlet-thai-boxing-association-classic/	product-sitemap.xml	2026-06-13T01:51:41+00:00
https://progressivemartialarts.com.au/product/t-shirt-world-thai-boxing-association-new/	product-sitemap.xml	2026-06-13T01:56:09+00:00
https://progressivemartialarts.com.au/product/t-shirt-progressive-martial-arts/	product-sitemap.xml	2026-06-13T02:08:43+00:00
https://progressivemartialarts.com.au/product/t-shirt-inosanto-kali/	product-sitemap.xml	2026-06-13T02:13:27+00:00
https://progressivemartialarts.com.au/product/t-shirt-lacoste-inosanto-system/	product-sitemap.xml	2026-06-13T02:13:41+00:00
https://progressivemartialarts.com.au/product/t-shirt-inosanto-academy-womens-bella-top/	product-sitemap.xml	2026-06-13T02:17:30+00:00
https://progressivemartialarts.com.au/product/t-shirt-inosanto-academy-weapons-of-the-southern-philippines/	product-sitemap.xml	2026-06-13T02:21:13+00:00
https://progressivemartialarts.com.au/product/t-shirt-inosanto-academy-university-t/	product-sitemap.xml	2026-06-13T02:31:46+00:00
https://progressivemartialarts.com.au/product/t-shirt-inosanto-absorb-what-is-useful/	product-sitemap.xml	2026-06-13T02:52:34+00:00
https://progressivemartialarts.com.au/product/t-shirt-guro-dan-inosanto-2019-australian-tour/	product-sitemap.xml	2026-06-13T03:00:50+00:00
https://progressivemartialarts.com.au/product/t-shirt-inosanto-academy-12-spot/	product-sitemap.xml	2026-06-13T03:33:23+00:00
https://progressivemartialarts.com.au/product/hoodie-inosanto-academy-sweatshirt-black-with-gold-logos/	product-sitemap.xml	2026-06-14T22:52:33+00:00
https://progressivemartialarts.com.au/product/sweatpants-inosanto-academy-black-with-red-and-white-logos/	product-sitemap.xml	2026-06-14T22:56:41+00:00
https://progressivemartialarts.com.au/product/t-shirt-15-year-anniversary-train-with-the-legends-2013/	product-sitemap.xml	2026-06-14T22:58:51+00:00
https://progressivemartialarts.com.au/product/bruce-lee-forever-a-tribute-to-the-one-and-only-taky-kimura/	product-sitemap.xml	2026-06-14T22:59:16+00:00
https://progressivemartialarts.com.au/product/sweatpants-inosanto-academy-black-with-red-and-gold-logos/	product-sitemap.xml	2026-06-14T22:59:43+00:00
https://progressivemartialarts.com.au/product/t-shirt-inosanto-academy-angel-necklace/	product-sitemap.xml	2026-06-14T23:04:15+00:00
https://progressivemartialarts.com.au/product/focus-mitts-morgan-brand-thumpas/	product-sitemap.xml	2026-06-20T01:34:27+00:00
https://progressivemartialarts.com.au/product/aluminum-training-sword-inosanto-academy-kris-sword/	product-sitemap.xml	2026-06-21T02:04:35+00:00
https://progressivemartialarts.com.au/product/aluminum-training-sword-inosanto-academy-barong/	product-sitemap.xml	2026-06-21T20:36:33+00:00
https://progressivemartialarts.com.au/product/gi-patch-kit-jean-jacques-machado/	product-sitemap.xml	2026-06-21T20:46:39+00:00
https://progressivemartialarts.com.au/product/boxing-gloves-12oz-punch-brand-black-with-gold-skulls/	product-sitemap.xml	2026-07-20T22:31:48+00:00
https://progressivemartialarts.com.au/product/boxing-gloves-12oz-punch-brand-white-with-gold-skulls/	product-sitemap.xml	2026-07-20T22:32:12+00:00
https://progressivemartialarts.com.au/product/gi-jean-jacques-machado-triangle-brand/	product-sitemap.xml	2026-07-24T01:05:16+00:00
https://progressivemartialarts.com.au/product/t-shirt-jean-jacques-machado-academia-de-jiu-jitsu-small-logo/	product-sitemap.xml	2026-07-31T06:03:10+00:00
https://progressivemartialarts.com.au/product/t-shirt-inosanto-academy-angel-sash-blue-with-gold/	product-sitemap.xml	2026-07-31T06:03:47+00:00
https://progressivemartialarts.com.au/product/t-shirt-jean-jacques-machado-academia-de-jiu-jitsu-2/	product-sitemap.xml	2026-07-31T06:05:02+00:00
https://progressivemartialarts.com.au/product/boxing-gloves-12oz-morgan-brand-brown-leather/	product-sitemap.xml	2026-07-31T06:05:37+00:00
https://progressivemartialarts.com.au/product/rash-guard-jean-jacques-machado-short-sleeve/	product-sitemap.xml	2026-07-31T06:08:08+00:00
https://progressivemartialarts.com.au/product/t-shirt-guro-dan-inosanto-2016-australian-tour/	product-sitemap.xml	2026-07-31T06:08:30+00:00
https://progressivemartialarts.com.au/product/inosanto-academy-rattan-kali-sticks-1-pair/	product-sitemap.xml	2026-07-31T06:09:38+00:00
https://progressivemartialarts.com.au/product/t-shirt-thai-boxing-association-classic/	product-sitemap.xml	2026-07-31T06:11:09+00:00
https://progressivemartialarts.com.au/product/10-urban-floor-to-ceiling-ball/	product-sitemap.xml	2026-08-18T21:14:24+00:00
https://progressivemartialarts.com.au/product/dosmanos-sticks/	product-sitemap.xml	2026-08-18T21:23:19+00:00
https://progressivemartialarts.com.au/product/the-winning-mindset-jim-brault-and-kevin-seamen/	product-sitemap.xml	2026-08-18T21:27:57+00:00
https://progressivemartialarts.com.au/product/journal-of-the-unknown-soldier-michael-wise/	product-sitemap.xml	2026-08-18T21:28:44+00:00
https://progressivemartialarts.com.au/product/dubin-michael-dubin-drumming-seven-essential-rhythms-for-instructors/	product-sitemap.xml	2026-08-18T21:28:59+00:00
https://progressivemartialarts.com.au/product/dubin-rhythmic-training-for-martial-arts/	product-sitemap.xml	2026-08-18T21:29:10+00:00
https://progressivemartialarts.com.au/product/book-a-path-of-mastery/	product-sitemap.xml	2026-08-18T21:30:25+00:00
https://progressivemartialarts.com.au/product/groin-guard/	product-sitemap.xml	2026-08-18T21:46:09+00:00
https://progressivemartialarts.com.au/product/bolt-basics-of-learning-and-teaching/	product-sitemap.xml	2026-08-18T22:23:40+00:00
https://progressivemartialarts.com.au/product/capoeira-for-active-adults/	product-sitemap.xml	2026-08-18T22:24:26+00:00
https://progressivemartialarts.com.au/product/inosanto-2012-abecedario-contradas/	product-sitemap.xml	2026-08-18T22:25:32+00:00
https://progressivemartialarts.com.au/product/inosanto-2012-australia-mixed-arts/	product-sitemap.xml	2026-08-18T22:25:47+00:00
https://progressivemartialarts.com.au/product/inosanto-2012-australia-silat/	product-sitemap.xml	2026-08-18T22:26:06+00:00
https://progressivemartialarts.com.au/product/inosanto-2012-australia-thai-boxing/	product-sitemap.xml	2026-08-18T22:26:19+00:00
https://progressivemartialarts.com.au/product/inosanto-2012-mixed-silat-training-camp-8-dvd-set/	product-sitemap.xml	2026-08-18T22:26:39+00:00
https://progressivemartialarts.com.au/product/inosanto-2012-pangamut/	product-sitemap.xml	2026-08-18T22:27:01+00:00
https://progressivemartialarts.com.au/product/inosanto-2012-sensitivity/	product-sitemap.xml	2026-08-18T22:27:13+00:00
https://progressivemartialarts.com.au/product/inosanto-2012-stick-dagger/	product-sitemap.xml	2026-08-18T22:27:43+00:00
https://progressivemartialarts.com.au/product/inosanto-2013-12-areas-of-kali-area-1/	product-sitemap.xml	2026-08-18T22:27:58+00:00
https://progressivemartialarts.com.au/product/inosanto-2013-12-areas-of-kali-area-2/	product-sitemap.xml	2026-08-18T22:28:09+00:00
https://progressivemartialarts.com.au/product/inosanto-2013-australia-jun-fan-gung-fu-jkd/	product-sitemap.xml	2026-08-18T22:28:24+00:00
https://progressivemartialarts.com.au/product/inosanto-2013-australia-mma-4-dvd-set/	product-sitemap.xml	2026-08-18T22:28:37+00:00
https://progressivemartialarts.com.au/product/inosanto-2013-australia-thai-boxing/	product-sitemap.xml	2026-08-18T22:28:53+00:00
https://progressivemartialarts.com.au/product/inosanto-2013-australia-weaponry-disarms/	product-sitemap.xml	2026-08-18T22:29:05+00:00
https://progressivemartialarts.com.au/product/inosanto-2013-dumog/	product-sitemap.xml	2026-08-18T22:29:32+00:00
https://progressivemartialarts.com.au/product/inosanto-2013-mixed-silat-training-camp-8-dvd-set/	product-sitemap.xml	2026-08-18T22:29:50+00:00
https://progressivemartialarts.com.au/product/inosanto-2013-panantukan/	product-sitemap.xml	2026-08-18T22:30:10+00:00
https://progressivemartialarts.com.au/product/inosanto-2013-legends-8-dvd-set/	product-sitemap.xml	2026-08-18T22:30:21+00:00
https://progressivemartialarts.com.au/product/inosanto-2014-australia-joint-locking/	product-sitemap.xml	2026-08-18T22:30:34+00:00
https://progressivemartialarts.com.au/product/inosanto-2014-australia-jun-fan-gung-fu-jkd/	product-sitemap.xml	2026-08-18T22:30:54+00:00
https://progressivemartialarts.com.au/product/inosanto-2014-australia-mma-4-dvd-set/	product-sitemap.xml	2026-08-18T22:31:05+00:00
https://progressivemartialarts.com.au/product/inosanto-2014-australia-thai-boxing/	product-sitemap.xml	2026-08-18T22:31:15+00:00
https://progressivemartialarts.com.au/product/inosanto-2014-lacoste-ilustrisimo-inosanto-systems/	product-sitemap.xml	2026-08-18T22:31:59+00:00
https://progressivemartialarts.com.au/product/inosanto-2014-maphilindo-silat-day-1/	product-sitemap.xml	2026-08-18T22:32:12+00:00
https://progressivemartialarts.com.au/product/inosanto-2014-maphilindo-silat-day-2/	product-sitemap.xml	2026-08-18T22:32:24+00:00
https://progressivemartialarts.com.au/product/inosanto-2014-mixed-silat-training-camp-8-dvd-set/	product-sitemap.xml	2026-08-18T22:32:46+00:00
https://progressivemartialarts.com.au/product/inosanto-2014-weaponry-disarms/	product-sitemap.xml	2026-08-18T22:32:58+00:00
https://progressivemartialarts.com.au/product/inosanto-2015-abecedario-contradas-day-1/	product-sitemap.xml	2026-08-18T22:33:13+00:00
https://progressivemartialarts.com.au/product/inosanto-2015-abecedario-contradas-day-2/	product-sitemap.xml	2026-08-18T22:33:26+00:00
https://progressivemartialarts.com.au/product/inosanto-2015-australia-flexible-weapons/	product-sitemap.xml	2026-08-18T22:33:38+00:00
https://progressivemartialarts.com.au/product/inosanto-2015-australia-jun-fan-gung-fu-jkd/	product-sitemap.xml	2026-08-18T22:33:49+00:00
https://progressivemartialarts.com.au/product/inosanto-2015-australia-sensitivity-drills/	product-sitemap.xml	2026-08-18T22:34:41+00:00
https://progressivemartialarts.com.au/product/inosanto-2015-australia-stick-dagger/	product-sitemap.xml	2026-08-18T22:34:56+00:00
https://progressivemartialarts.com.au/product/inosanto-2015-australia-thai-boxing/	product-sitemap.xml	2026-08-18T22:35:14+00:00
https://progressivemartialarts.com.au/product/inosanto-2015-flexible-weapons-march/	product-sitemap.xml	2026-08-18T22:36:34+00:00
https://progressivemartialarts.com.au/product/inosanto-2015-joint-locking/	product-sitemap.xml	2026-08-18T22:36:49+00:00
https://progressivemartialarts.com.au/product/inosanto-2015-mixed-silat-training-camp-8-dvd-set/	product-sitemap.xml	2026-08-18T22:37:04+00:00
https://progressivemartialarts.com.au/product/inosanto-2015-legends-8-dvd-set/	product-sitemap.xml	2026-08-18T22:37:17+00:00
https://progressivemartialarts.com.au/product/inosanto-2016-australia-empty-hand-vs-weapons/	product-sitemap.xml	2026-08-18T22:37:35+00:00
https://progressivemartialarts.com.au/product/inosanto-2016-australia-jun-fan-gung-fu-jkd/	product-sitemap.xml	2026-08-18T22:37:48+00:00
https://progressivemartialarts.com.au/product/inosanto-2016-australia-mixed-arts-day-1-2-disc-set/	product-sitemap.xml	2026-08-18T22:38:07+00:00
https://progressivemartialarts.com.au/product/inosanto-2016-australia-mixed-arts-day-2-2-disc-set/	product-sitemap.xml	2026-08-18T22:38:20+00:00
https://progressivemartialarts.com.au/product/inosanto-2016-australia-panantukan-filipino-boxing/	product-sitemap.xml	2026-08-18T22:38:32+00:00
https://progressivemartialarts.com.au/product/inosanto-2016-australia-self-defense/	product-sitemap.xml	2026-08-18T22:38:44+00:00
https://progressivemartialarts.com.au/product/inosanto-2016-australia-thai-boxing/	product-sitemap.xml	2026-08-18T22:40:11+00:00
https://progressivemartialarts.com.au/product/inosanto-2016-se-asian-cambodian-kickboxing/	product-sitemap.xml	2026-08-18T22:40:40+00:00
https://progressivemartialarts.com.au/product/inosanto-2016-self-defense-volume-1/	product-sitemap.xml	2026-08-18T22:41:07+00:00
https://progressivemartialarts.com.au/product/inosanto-2016-legends-8-dvd-set/	product-sitemap.xml	2026-08-18T22:41:21+00:00
https://progressivemartialarts.com.au/product/inosanto-2017-12-areas-of-kali-area-8-staff-day-1/	product-sitemap.xml	2026-08-18T22:41:35+00:00
https://progressivemartialarts.com.au/product/inosanto-2017-12-areas-of-kali-area-8-staff-day-2/	product-sitemap.xml	2026-08-18T22:41:54+00:00
https://progressivemartialarts.com.au/product/inosanto-2017-australia-jun-fan-gung-fu-jkd/	product-sitemap.xml	2026-08-18T22:42:11+00:00
https://progressivemartialarts.com.au/product/inosanto-2017-australia-locks-and-controls/	product-sitemap.xml	2026-08-18T22:42:23+00:00
https://progressivemartialarts.com.au/product/inosanto-2017-australia-maphilindo-silat/	product-sitemap.xml	2026-08-18T22:42:37+00:00
https://progressivemartialarts.com.au/product/inosanto-2017-australia-mixed-arts-day-1/	product-sitemap.xml	2026-08-18T22:42:59+00:00
https://progressivemartialarts.com.au/product/inosanto-2017-australia-mixed-arts-day-2/	product-sitemap.xml	2026-08-18T22:43:23+00:00
https://progressivemartialarts.com.au/product/inosanto-2017-australia-thai-boxing/	product-sitemap.xml	2026-08-18T22:43:39+00:00
https://progressivemartialarts.com.au/product/inosanto-2017-australia-weaponry-disarms/	product-sitemap.xml	2026-08-18T22:43:50+00:00
https://progressivemartialarts.com.au/product/inosanto-2017-sarong-malong/	product-sitemap.xml	2026-08-18T22:44:04+00:00
https://progressivemartialarts.com.au/product/inosanto-2017-stick-dagger-tie-ups-counters/	product-sitemap.xml	2026-08-18T22:44:20+00:00
https://progressivemartialarts.com.au/product/inosanto-2018-australia-jun-fan-gung-fu-jkd/	product-sitemap.xml	2026-08-18T22:44:40+00:00
https://progressivemartialarts.com.au/product/inosanto-2018-australia-locks-and-controls/	product-sitemap.xml	2026-08-18T22:44:52+00:00
https://progressivemartialarts.com.au/product/inosanto-2018-australia-mixed-arts-day-1-2-disc-set/	product-sitemap.xml	2026-08-18T22:45:04+00:00
https://progressivemartialarts.com.au/product/inosanto-2018-australia-mixed-arts-day-2-2-disc-set/	product-sitemap.xml	2026-08-18T22:45:20+00:00
https://progressivemartialarts.com.au/product/inosanto-2018-australia-thai-boxing/	product-sitemap.xml	2026-08-18T22:45:32+00:00
https://progressivemartialarts.com.au/product/inosanto-2018-mixed-silat/	product-sitemap.xml	2026-08-18T22:45:44+00:00
https://progressivemartialarts.com.au/product/inosanto-2018-weaponry/	product-sitemap.xml	2026-08-18T22:45:52+00:00
https://progressivemartialarts.com.au/product/inosanto-2019-australia-flexible-weapons/	product-sitemap.xml	2026-08-18T22:46:01+00:00
https://progressivemartialarts.com.au/product/inosanto-2019-jun-fan-gung-fu-jkd/	product-sitemap.xml	2026-08-18T22:46:15+00:00
https://progressivemartialarts.com.au/product/inosanto-2019-australia-locks-and-controls/	product-sitemap.xml	2026-08-18T22:46:25+00:00
https://progressivemartialarts.com.au/product/inosanto-2019-australia-weaponry/	product-sitemap.xml	2026-08-18T22:46:33+00:00
https://progressivemartialarts.com.au/product/inosanto-2023-australia-jun-fan-gung-fu-jkd/	product-sitemap.xml	2026-08-18T22:46:48+00:00
https://progressivemartialarts.com.au/product/inosanto-2023-australia-locks-and-controls/	product-sitemap.xml	2026-08-18T22:46:59+00:00
https://progressivemartialarts.com.au/product/inosanto-2023-australia-mixed-arts-day-2/	product-sitemap.xml	2026-08-18T22:47:14+00:00
https://progressivemartialarts.com.au/product/inosanto-2023-australia-silat/	product-sitemap.xml	2026-08-18T22:47:25+00:00
https://progressivemartialarts.com.au/product/inosanto-2023-australia-thai-boxing/	product-sitemap.xml	2026-08-18T22:47:50+00:00
https://progressivemartialarts.com.au/product/inosanto-2023-krabi-krabong-seama-day-1/	product-sitemap.xml	2026-08-18T22:48:00+00:00
https://progressivemartialarts.com.au/product/inosanto-2023-krabi-krabong-seama-day-2/	product-sitemap.xml	2026-08-18T22:48:12+00:00
https://progressivemartialarts.com.au/product/inosanto-2024-legends-8-dvd-set/	product-sitemap.xml	2026-08-18T22:48:20+00:00
https://progressivemartialarts.com.au/product/inosanto-collector-series-training-in-the-martial-arts-3-dvd-set/	product-sitemap.xml	2026-08-18T22:48:53+00:00
https://progressivemartialarts.com.au/product/inosanto-definitive-collection-5-dvd-set/	product-sitemap.xml	2026-08-18T22:49:11+00:00
https://progressivemartialarts.com.au/product/inosanto-definitive-collection-9-dvd-set/	product-sitemap.xml	2026-08-18T22:49:25+00:00
https://progressivemartialarts.com.au/product/inosanto-definitive-collection-volume-1-jun-fan-kickboxing/	product-sitemap.xml	2026-08-18T22:49:41+00:00
https://progressivemartialarts.com.au/product/inosanto-definitive-collection-volume-2-jun-fan-trapping/	product-sitemap.xml	2026-08-18T22:49:50+00:00
https://progressivemartialarts.com.au/product/inosanto-definitive-collection-volume-3-jun-fan-grappling/	product-sitemap.xml	2026-08-18T22:50:02+00:00
https://progressivemartialarts.com.au/product/inosanto-definitive-collection-volume-4-panantukan/	product-sitemap.xml	2026-08-18T22:50:12+00:00
https://progressivemartialarts.com.au/product/inosanto-definitive-collection-volume-5-dumog/	product-sitemap.xml	2026-08-18T22:50:20+00:00
https://progressivemartialarts.com.au/product/inosanto-definitive-collection-volume-6-single-stick/	product-sitemap.xml	2026-08-18T22:50:31+00:00
https://progressivemartialarts.com.au/product/inosanto-definitive-collection-volume-7-stick-and-dagger/	product-sitemap.xml	2026-08-18T22:50:40+00:00
https://progressivemartialarts.com.au/product/inosanto-definitive-collection-volume-8-edged-weapons-defense-1/	product-sitemap.xml	2026-08-18T22:50:50+00:00
https://progressivemartialarts.com.au/product/inosanto-definitive-collection-volume-9-edged-weapons-defense-2/	product-sitemap.xml	2026-08-18T22:51:02+00:00
https://progressivemartialarts.com.au/product/machado-5-machado-brothers-seminar-4-dvd-set/	product-sitemap.xml	2026-08-18T22:51:31+00:00
https://progressivemartialarts.com.au/product/martial-arts-masters-3-dvd-set/	product-sitemap.xml	2026-08-18T22:51:42+00:00
https://progressivemartialarts.com.au/product/spezzano-introduction-to-madjapahit-silat-2-disc-set/	product-sitemap.xml	2026-08-18T22:52:09+00:00
https://progressivemartialarts.com.au/product/sifu-francis-fong-wing-chun-for-mma/	product-sitemap.xml	2026-08-18T22:53:09+00:00
https://progressivemartialarts.com.au/product/spezzano-madjapahit-silat-2/	product-sitemap.xml	2026-08-18T22:54:32+00:00
https://progressivemartialarts.com.au/product/sulite-lameco-eskrima-advanced-laban-laro-volume-1/	product-sitemap.xml	2026-08-18T22:54:46+00:00
https://progressivemartialarts.com.au/product/sulite-lameco-eskrima-advanced-laban-laro-volume-2/	product-sitemap.xml	2026-08-18T22:54:56+00:00
https://progressivemartialarts.com.au/product/sulite-lameco-eskrima-espada-y-daga/	product-sitemap.xml	2026-08-18T22:55:09+00:00
https://progressivemartialarts.com.au/product/sulite-lameco-eskrima-at-the-vortex/	product-sitemap.xml	2026-08-18T22:55:24+00:00
https://progressivemartialarts.com.au/product/sulite-lameco-eskrima-essential-single-stick-skills-volume-1/	product-sitemap.xml	2026-08-18T22:55:41+00:00
https://progressivemartialarts.com.au/product/sulite-lameco-eskrima-essential-single-stick-skills-volume-2/	product-sitemap.xml	2026-08-18T22:55:49+00:00
https://progressivemartialarts.com.au/product/sulite-lameco-eskrima-practical-self-defense-volume-1/	product-sitemap.xml	2026-08-18T22:56:22+00:00
https://progressivemartialarts.com.au/product/sulite-lameco-eskrima-practical-self-defense-volume-2/	product-sitemap.xml	2026-08-18T22:56:30+00:00
https://progressivemartialarts.com.au/product/sulite-lameco-eskrima-secrets-of-double-stick-fighting-volume-1/	product-sitemap.xml	2026-08-18T22:56:44+00:00
https://progressivemartialarts.com.au/product/sulite-lameco-eskrima-secrets-of-double-stick-fighting-volume-2/	product-sitemap.xml	2026-08-18T22:57:03+00:00
https://progressivemartialarts.com.au/product/suwanda-sarong-system-advanced-techniques-volume-3/	product-sitemap.xml	2026-08-18T22:57:58+00:00
https://progressivemartialarts.com.au/product/inosanto-2015-australia-mixed-arts-3-dvd-set/	product-sitemap.xml	2026-08-18T23:10:34+00:00
https://progressivemartialarts.com.au/product/sifu-francis-fong-2014-train-with-the-masters/	product-sitemap.xml	2026-08-18T23:19:21+00:00
https://progressivemartialarts.com.au/product/focus-paddles-mexican-fuerte-paddles-punch-brand/	product-sitemap.xml	2026-08-21T01:20:35+00:00
https://progressivemartialarts.com.au/product/guro-dan-inosanto-australia-tour-november-2026/	product-sitemap.xml	2026-08-21T04:23:43+00:00
https://progressivemartialarts.com.au/product/sifu-francis-fong-australia-seminars-november-2026/	product-sitemap.xml	2026-08-21T04:30:31+00:00
https://progressivemartialarts.com.au/courses/hair-basic-cource/	courses-sitemap.xml	2020-08-16T13:45:55+00:00
https://progressivemartialarts.com.au/courses/nail-basic-cource/	courses-sitemap.xml	2020-08-16T13:46:34+00:00
https://progressivemartialarts.com.au/courses/makeup-basic-cource/	courses-sitemap.xml	2020-08-16T13:47:02+00:00
https://progressivemartialarts.com.au/courses/hair-advanced-cource/	courses-sitemap.xml	2020-08-16T13:47:31+00:00
https://progressivemartialarts.com.au/category/news/	category-sitemap.xml	2022-10-27T14:15:27+00:00
https://progressivemartialarts.com.au/category/seminar/	category-sitemap.xml	2026-04-17T21:26:32+00:00
https://progressivemartialarts.com.au/category/uncategorized/	category-sitemap.xml	2026-07-31T06:10:31+00:00
https://progressivemartialarts.com.au/tag/bjj/	post_tag-sitemap.xml	2026-04-17T21:26:32+00:00
https://progressivemartialarts.com.au/tag/brazilian-jiu-jitsu/	post_tag-sitemap.xml	2026-04-17T21:26:32+00:00
https://progressivemartialarts.com.au/tag/jean-jacques-machado/	post_tag-sitemap.xml	2026-04-17T21:26:32+00:00
https://progressivemartialarts.com.au/tag/seminar/	post_tag-sitemap.xml	2026-04-17T21:26:32+00:00
https://progressivemartialarts.com.au/brand/iama/	product_brand-sitemap.xml	2026-08-21T04:23:43+00:00
https://progressivemartialarts.com.au/brand/jj-machado/	product_brand-sitemap.xml	2026-08-18T22:51:31+00:00
https://progressivemartialarts.com.au/brand/lameco/	product_brand-sitemap.xml	2026-08-18T22:57:03+00:00
https://progressivemartialarts.com.au/brand/morgan/	product_brand-sitemap.xml	2026-07-31T06:05:37+00:00
https://progressivemartialarts.com.au/brand/progressive/	product_brand-sitemap.xml	2026-08-21T04:30:31+00:00
https://progressivemartialarts.com.au/brand/punch/	product_brand-sitemap.xml	2026-08-21T01:20:35+00:00
https://progressivemartialarts.com.au/brand/revgear/	product_brand-sitemap.xml	2026-05-19T05:22:15+00:00
https://progressivemartialarts.com.au/brand/sharkee/	product_brand-sitemap.xml	2026-06-11T23:39:47+00:00
https://progressivemartialarts.com.au/brand/wtba/	product_brand-sitemap.xml	2026-07-31T06:11:09+00:00
https://progressivemartialarts.com.au/product-category/ankle-guards/	product_cat-sitemap.xml	2026-06-13T00:55:38+00:00
https://progressivemartialarts.com.au/product-category/bag/	product_cat-sitemap.xml	2026-05-17T01:23:07+00:00
https://progressivemartialarts.com.au/product-category/book/	product_cat-sitemap.xml	2026-08-18T21:30:25+00:00
https://progressivemartialarts.com.au/product-category/calendar/	product_cat-sitemap.xml	2026-05-17T01:43:12+00:00
https://progressivemartialarts.com.au/product-category/dvd/	product_cat-sitemap.xml	2026-08-18T23:19:21+00:00
https://progressivemartialarts.com.au/product-category/focus-mitts/	product_cat-sitemap.xml	2026-08-21T01:20:35+00:00
https://progressivemartialarts.com.au/product-category/gis/	product_cat-sitemap.xml	2026-07-24T01:05:16+00:00
https://progressivemartialarts.com.au/product-category/gloves/	product_cat-sitemap.xml	2026-07-31T06:05:37+00:00
https://progressivemartialarts.com.au/product-category/hats/	product_cat-sitemap.xml	2026-04-28T00:21:07+00:00
https://progressivemartialarts.com.au/product-category/hoodies-and-jackets/	product_cat-sitemap.xml	2026-06-14T22:52:33+00:00
https://progressivemartialarts.com.au/product-category/kids-hoodies/	product_cat-sitemap.xml	2026-05-16T04:47:11+00:00
https://progressivemartialarts.com.au/product-category/mini-muscles/	product_cat-sitemap.xml	2026-04-28T02:40:19+00:00
https://progressivemartialarts.com.au/product-category/pants/	product_cat-sitemap.xml	2026-06-14T22:59:43+00:00
https://progressivemartialarts.com.au/product-category/patches/	product_cat-sitemap.xml	2026-06-21T20:46:39+00:00
https://progressivemartialarts.com.au/product-category/posters/	product_cat-sitemap.xml	2026-06-14T22:59:16+00:00
https://progressivemartialarts.com.au/product-category/rash-guards/	product_cat-sitemap.xml	2026-07-31T06:08:08+00:00
https://progressivemartialarts.com.au/product-category/seminar/	product_cat-sitemap.xml	2026-08-21T04:30:31+00:00
https://progressivemartialarts.com.au/product-category/shorts/	product_cat-sitemap.xml	2026-05-19T20:00:36+00:00
https://progressivemartialarts.com.au/product-category/singlets/	product_cat-sitemap.xml	2026-06-13T01:51:41+00:00
https://progressivemartialarts.com.au/product-category/t-shirts/	product_cat-sitemap.xml	2026-07-31T06:11:09+00:00
https://progressivemartialarts.com.au/product-category/thai-pads/	product_cat-sitemap.xml	2026-05-17T04:46:34+00:00
https://progressivemartialarts.com.au/product-category/towel/	product_cat-sitemap.xml	2026-04-29T00:11:12+00:00
https://progressivemartialarts.com.au/product-category/training-equipment/	product_cat-sitemap.xml	2026-08-21T01:20:35+00:00
https://progressivemartialarts.com.au/product-category/wraps/	product_cat-sitemap.xml	2026-06-13T00:54:07+00:00
https://progressivemartialarts.com.au/product-tag/accessories/	product_tag-sitemap.xml	2026-06-13T01:02:47+00:00
https://progressivemartialarts.com.au/product-tag/ajarn-chai-sirisute/	product_tag-sitemap.xml	2026-08-18T22:51:42+00:00
https://progressivemartialarts.com.au/product-tag/ajarn-dan-inosanto/	product_tag-sitemap.xml	2026-06-13T01:51:41+00:00
https://progressivemartialarts.com.au/product-tag/all-dvd/	product_tag-sitemap.xml	2026-08-18T23:19:21+00:00
https://progressivemartialarts.com.au/product-tag/aluminium/	product_tag-sitemap.xml	2026-06-11T23:36:22+00:00
https://progressivemartialarts.com.au/product-tag/aluminum-training-dagger/	product_tag-sitemap.xml	2026-08-18T22:51:02+00:00
https://progressivemartialarts.com.au/product-tag/aluminum-training-sword/	product_tag-sitemap.xml	2026-06-21T20:36:33+00:00
https://progressivemartialarts.com.au/product-tag/angels/	product_tag-sitemap.xml	2026-06-14T23:04:15+00:00
https://progressivemartialarts.com.au/product-tag/anklets/	product_tag-sitemap.xml	2026-06-13T00:55:38+00:00
https://progressivemartialarts.com.au/product-tag/area-3/	product_tag-sitemap.xml	2026-08-18T22:44:20+00:00
https://progressivemartialarts.com.au/product-tag/area-8/	product_tag-sitemap.xml	2026-08-18T22:41:54+00:00
https://progressivemartialarts.com.au/product-tag/arnis/	product_tag-sitemap.xml	2026-08-21T04:23:43+00:00
https://progressivemartialarts.com.au/product-tag/axe/	product_tag-sitemap.xml	2026-08-18T22:28:09+00:00
https://progressivemartialarts.com.au/product-tag/bags/	product_tag-sitemap.xml	2026-05-17T01:21:55+00:00
https://progressivemartialarts.com.au/product-tag/baston/	product_tag-sitemap.xml	2026-08-18T22:29:05+00:00
https://progressivemartialarts.com.au/product-tag/bersilat/	product_tag-sitemap.xml	2026-08-18T22:42:37+00:00
https://progressivemartialarts.com.au/product-tag/bjj/	product_tag-sitemap.xml	2026-08-21T04:23:43+00:00
https://progressivemartialarts.com.au/product-tag/blades/	product_tag-sitemap.xml	2026-08-21T04:23:43+00:00
https://progressivemartialarts.com.au/product-tag/book/	product_tag-sitemap.xml	2026-08-18T21:30:25+00:00
https://progressivemartialarts.com.au/product-tag/boxing/	product_tag-sitemap.xml	2026-08-21T01:20:35+00:00
https://progressivemartialarts.com.au/product-tag/boxing-gloves/	product_tag-sitemap.xml	2026-07-31T06:05:37+00:00
https://progressivemartialarts.com.au/product-tag/brazilian-jiu-jitsu/	product_tag-sitemap.xml	2026-08-18T22:51:31+00:00
https://progressivemartialarts.com.au/product-tag/brazilian-jiu-jitsu-bjj/	product_tag-sitemap.xml	2026-07-31T06:08:08+00:00
https://progressivemartialarts.com.au/product-tag/bruce-lee/	product_tag-sitemap.xml	2026-08-21T04:23:43+00:00
https://progressivemartialarts.com.au/product-tag/cambodian-kickboxing/	product_tag-sitemap.xml	2026-08-21T04:23:43+00:00
https://progressivemartialarts.com.au/product-tag/cane/	product_tag-sitemap.xml	2026-08-18T22:28:09+00:00
https://progressivemartialarts.com.au/product-tag/carlos-machado/	product_tag-sitemap.xml	2026-08-18T22:51:31+00:00
https://progressivemartialarts.com.au/product-tag/catch/	product_tag-sitemap.xml	2026-08-18T22:46:59+00:00
https://progressivemartialarts.com.au/product-tag/cd/	product_tag-sitemap.xml	2026-06-11T23:18:02+00:00
https://progressivemartialarts.com.au/product-tag/chi-sao/	product_tag-sitemap.xml	2026-08-18T22:27:13+00:00
https://progressivemartialarts.com.au/product-tag/combat-submission-wrestling-csw/	product_tag-sitemap.xml	2026-07-31T06:08:08+00:00
https://progressivemartialarts.com.au/product-tag/cotton/	product_tag-sitemap.xml	2026-05-19T05:32:24+00:00
https://progressivemartialarts.com.au/product-tag/definitive-dvd/	product_tag-sitemap.xml	2026-08-18T22:51:02+00:00
https://progressivemartialarts.com.au/product-tag/deshon/	product_tag-sitemap.xml	2026-08-18T22:29:32+00:00
https://progressivemartialarts.com.au/product-tag/dirty-boxing/	product_tag-sitemap.xml	2026-08-18T22:30:10+00:00
https://progressivemartialarts.com.au/product-tag/double-stick/	product_tag-sitemap.xml	2026-08-18T22:28:09+00:00
https://progressivemartialarts.com.au/product-tag/drums/	product_tag-sitemap.xml	2026-06-11T23:18:02+00:00
https://progressivemartialarts.com.au/product-tag/duffle-bag/	product_tag-sitemap.xml	2026-05-16T04:21:34+00:00
https://progressivemartialarts.com.au/product-tag/empty-hand/	product_tag-sitemap.xml	2026-08-18T22:37:35+00:00
https://progressivemartialarts.com.au/product-tag/escrima/	product_tag-sitemap.xml	2026-08-21T04:23:43+00:00
https://progressivemartialarts.com.au/product-tag/eskrima/	product_tag-sitemap.xml	2026-08-21T04:23:43+00:00
https://progressivemartialarts.com.au/product-tag/eskrima-sticks/	product_tag-sitemap.xml	2026-08-18T22:49:25+00:00
https://progressivemartialarts.com.au/product-tag/ffia/	product_tag-sitemap.xml	2026-08-21T04:30:31+00:00
https://progressivemartialarts.com.au/product-tag/filipino-boxing/	product_tag-sitemap.xml	2026-08-18T22:38:32+00:00
https://progressivemartialarts.com.au/product-tag/filipino-martial-art/	product_tag-sitemap.xml	2026-08-18T22:48:20+00:00
https://progressivemartialarts.com.au/product-tag/filipino-martial-arts/	product_tag-sitemap.xml	2026-08-21T04:23:43+00:00
https://progressivemartialarts.com.au/product-tag/filipino-martial-arts-fma/	product_tag-sitemap.xml	2026-06-13T02:31:46+00:00
https://progressivemartialarts.com.au/product-tag/filipino-american-history/	product_tag-sitemap.xml	2026-05-17T01:43:12+00:00
https://progressivemartialarts.com.au/product-tag/fma/	product_tag-sitemap.xml	2026-08-21T04:23:43+00:00
https://progressivemartialarts.com.au/product-tag/focus-mitts/	product_tag-sitemap.xml	2026-08-21T01:20:35+00:00
https://progressivemartialarts.com.au/product-tag/focus-paddles/	product_tag-sitemap.xml	2026-08-21T01:20:35+00:00
https://progressivemartialarts.com.au/product-tag/fong-dvd/	product_tag-sitemap.xml	2026-08-18T23:19:21+00:00
https://progressivemartialarts.com.au/product-tag/gi-patch/	product_tag-sitemap.xml	2026-06-13T01:02:47+00:00
https://progressivemartialarts.com.au/product-tag/gi-patch-kit/	product_tag-sitemap.xml	2026-06-21T20:46:39+00:00
https://progressivemartialarts.com.au/product-tag/grappling/	product_tag-sitemap.xml	2026-08-21T04:23:43+00:00
https://progressivemartialarts.com.au/product-tag/gung-fu/	product_tag-sitemap.xml	2026-08-21T04:30:31+00:00
https://progressivemartialarts.com.au/product-tag/guro-dan-inosanto/	product_tag-sitemap.xml	2026-08-21T04:23:43+00:00
https://progressivemartialarts.com.au/product-tag/guru/	product_tag-sitemap.xml	2026-08-18T22:45:44+00:00
https://progressivemartialarts.com.au/product-tag/guru-dan-inosanto/	product_tag-sitemap.xml	2026-06-13T00:54:07+00:00
https://progressivemartialarts.com.au/product-tag/hoodie/	product_tag-sitemap.xml	2026-06-14T22:52:33+00:00
https://progressivemartialarts.com.au/product-tag/hoodies/	product_tag-sitemap.xml	2026-06-10T02:39:44+00:00
https://progressivemartialarts.com.au/product-tag/ikat/	product_tag-sitemap.xml	2026-08-18T22:57:58+00:00
https://progressivemartialarts.com.au/product-tag/indonesia/	product_tag-sitemap.xml	2026-08-18T22:57:58+00:00
https://progressivemartialarts.com.au/product-tag/indonesian/	product_tag-sitemap.xml	2026-06-13T00:50:32+00:00
https://progressivemartialarts.com.au/product-tag/inosanto/	product_tag-sitemap.xml	2026-07-31T06:08:30+00:00
https://progressivemartialarts.com.au/product-tag/inosanto-academy/	product_tag-sitemap.xml	2026-08-18T22:51:02+00:00
https://progressivemartialarts.com.au/product-tag/inosanto-dvd/	product_tag-sitemap.xml	2026-08-18T23:10:34+00:00
https://progressivemartialarts.com.au/product-tag/jean-jacques-machado/	product_tag-sitemap.xml	2026-08-18T22:51:31+00:00
https://progressivemartialarts.com.au/product-tag/jeet-kune-do/	product_tag-sitemap.xml	2026-08-18T22:44:40+00:00
https://progressivemartialarts.com.au/product-tag/jkd/	product_tag-sitemap.xml	2026-08-21T04:23:43+00:00
https://progressivemartialarts.com.au/product-tag/john-lacoste/	product_tag-sitemap.xml	2026-08-18T22:31:59+00:00
https://progressivemartialarts.com.au/product-tag/john-machado/	product_tag-sitemap.xml	2026-08-18T22:51:31+00:00
https://progressivemartialarts.com.au/product-tag/jun-fan-gung-fu/	product_tag-sitemap.xml	2026-08-21T04:23:43+00:00
https://progressivemartialarts.com.au/product-tag/jun-fan-gung-fu-jkd/	product_tag-sitemap.xml	2026-08-18T22:50:02+00:00
https://progressivemartialarts.com.au/product-tag/kali/	product_tag-sitemap.xml	2026-08-21T04:23:43+00:00
https://progressivemartialarts.com.au/product-tag/kamot-lihok/	product_tag-sitemap.xml	2026-08-18T22:27:01+00:00
https://progressivemartialarts.com.au/product-tag/kapulubad/	product_tag-sitemap.xml	2026-08-18T22:29:32+00:00
https://progressivemartialarts.com.au/product-tag/keris/	product_tag-sitemap.xml	2026-06-11T23:35:02+00:00
https://progressivemartialarts.com.au/product-tag/kick-boxing/	product_tag-sitemap.xml	2026-07-20T22:32:12+00:00
https://progressivemartialarts.com.au/product-tag/kickboxing/	product_tag-sitemap.xml	2026-08-21T04:23:43+00:00
https://progressivemartialarts.com.au/product-tag/kicking-shield/	product_tag-sitemap.xml	2026-05-14T00:05:15+00:00
https://progressivemartialarts.com.au/product-tag/knife/	product_tag-sitemap.xml	2026-08-21T04:23:43+00:00
https://progressivemartialarts.com.au/product-tag/krabi-krabong/	product_tag-sitemap.xml	2026-08-18T22:48:00+00:00
https://progressivemartialarts.com.au/product-tag/kris/	product_tag-sitemap.xml	2026-06-11T23:35:02+00:00
https://progressivemartialarts.com.au/product-tag/kun-khmer-pradal-serey/	product_tag-sitemap.xml	2026-08-21T04:23:43+00:00
https://progressivemartialarts.com.au/product-tag/ladies/	product_tag-sitemap.xml	2026-07-20T22:32:12+00:00
https://progressivemartialarts.com.au/product-tag/lameco/	product_tag-sitemap.xml	2026-05-13T23:40:45+00:00
https://progressivemartialarts.com.au/product-tag/lameco-eskrima/	product_tag-sitemap.xml	2026-08-18T22:57:03+00:00
https://progressivemartialarts.com.au/product-tag/lameco-padded-dagger/	product_tag-sitemap.xml	2026-06-13T00:53:36+00:00
https://progressivemartialarts.com.au/product-tag/lameco-padded-sticks/	product_tag-sitemap.xml	2026-06-13T00:53:16+00:00
https://progressivemartialarts.com.au/product-tag/layog/	product_tag-sitemap.xml	2026-08-18T22:29:32+00:00
https://progressivemartialarts.com.au/product-tag/legends/	product_tag-sitemap.xml	2026-08-18T22:48:20+00:00
https://progressivemartialarts.com.au/product-tag/legends-dvd/	product_tag-sitemap.xml	2026-08-18T22:41:21+00:00
https://progressivemartialarts.com.au/product-tag/little-dragons/	product_tag-sitemap.xml	2026-05-16T04:47:11+00:00
https://progressivemartialarts.com.au/product-tag/long-sleeve/	product_tag-sitemap.xml	2026-06-12T06:15:45+00:00
https://progressivemartialarts.com.au/product-tag/madjapahit-martial-arts/	product_tag-sitemap.xml	2026-08-18T22:54:32+00:00
https://progressivemartialarts.com.au/product-tag/majapahit/	product_tag-sitemap.xml	2026-08-21T04:23:43+00:00
https://progressivemartialarts.com.au/product-tag/malong/	product_tag-sitemap.xml	2026-08-18T22:57:58+00:00
https://progressivemartialarts.com.au/product-tag/mande-muda/	product_tag-sitemap.xml	2026-08-18T22:57:58+00:00
https://progressivemartialarts.com.au/product-tag/mande-muda-pencak-silat/	product_tag-sitemap.xml	2026-06-13T00:50:32+00:00
https://progressivemartialarts.com.au/product-tag/maphilindo-silat/	product_tag-sitemap.xml	2026-08-21T04:23:43+00:00
https://progressivemartialarts.com.au/product-tag/mini-muscles/	product_tag-sitemap.xml	2026-04-28T02:40:19+00:00
https://progressivemartialarts.com.au/product-tag/mma/	product_tag-sitemap.xml	2026-08-18T22:53:09+00:00
https://progressivemartialarts.com.au/product-tag/muay-thai/	product_tag-sitemap.xml	2026-08-18T22:45:20+00:00
https://progressivemartialarts.com.au/product-tag/muay-thai-thai-boxing/	product_tag-sitemap.xml	2026-08-21T04:23:43+00:00
https://progressivemartialarts.com.au/product-tag/nempel-kaki/	product_tag-sitemap.xml	2026-08-18T22:27:13+00:00
https://progressivemartialarts.com.au/product-tag/other-dvd/	product_tag-sitemap.xml	2026-08-18T22:57:58+00:00
https://progressivemartialarts.com.au/product-tag/oumry-ban/	product_tag-sitemap.xml	2026-08-18T22:40:40+00:00
https://progressivemartialarts.com.au/product-tag/panantukan/	product_tag-sitemap.xml	2026-08-18T22:38:32+00:00
https://progressivemartialarts.com.au/product-tag/pangamut/	product_tag-sitemap.xml	2026-08-18T22:38:32+00:00
https://progressivemartialarts.com.au/product-tag/patches/	product_tag-sitemap.xml	2026-06-13T01:02:47+00:00
https://progressivemartialarts.com.au/product-tag/pencak-silat/	product_tag-sitemap.xml	2026-08-18T22:57:58+00:00
https://progressivemartialarts.com.au/product-tag/pendekar-herman-suwanda/	product_tag-sitemap.xml	2026-08-18T22:57:58+00:00
https://progressivemartialarts.com.au/product-tag/pentjak-silat/	product_tag-sitemap.xml	2026-08-21T04:23:43+00:00
https://progressivemartialarts.com.au/product-tag/philosophy/	product_tag-sitemap.xml	2026-08-18T21:30:25+00:00
https://progressivemartialarts.com.au/product-tag/professor-dan-inosanto/	product_tag-sitemap.xml	2026-06-13T01:02:47+00:00
https://progressivemartialarts.com.au/product-tag/professor-jean-jacques-machado/	product_tag-sitemap.xml	2026-07-31T06:05:02+00:00
https://progressivemartialarts.com.au/product-tag/progressive-martial-arts/	product_tag-sitemap.xml	2026-06-13T02:08:43+00:00
https://progressivemartialarts.com.au/product-tag/punong-guro-edgar-sulite/	product_tag-sitemap.xml	2026-08-18T22:57:03+00:00
https://progressivemartialarts.com.au/product-tag/racerback/	product_tag-sitemap.xml	2026-06-13T01:41:33+00:00
https://progressivemartialarts.com.au/product-tag/rashguard/	product_tag-sitemap.xml	2026-07-31T06:08:08+00:00
https://progressivemartialarts.com.au/product-tag/rattan-sticks/	product_tag-sitemap.xml	2026-07-31T06:09:38+00:00
https://progressivemartialarts.com.au/product-tag/regino-ilustrisimo/	product_tag-sitemap.xml	2026-08-18T22:31:59+00:00
https://progressivemartialarts.com.au/product-tag/rigan-machado/	product_tag-sitemap.xml	2026-08-18T22:51:31+00:00
https://progressivemartialarts.com.au/product-tag/roger-machado/	product_tag-sitemap.xml	2026-08-18T22:51:31+00:00
https://progressivemartialarts.com.au/product-tag/sarong/	product_tag-sitemap.xml	2026-08-21T04:23:43+00:00
https://progressivemartialarts.com.au/product-tag/seama/	product_tag-sitemap.xml	2026-08-18T22:47:50+00:00
https://progressivemartialarts.com.au/product-tag/self-defence/	product_tag-sitemap.xml	2026-08-18T22:49:25+00:00
https://progressivemartialarts.com.au/product-tag/self-defense/	product_tag-sitemap.xml	2026-06-13T00:51:55+00:00
https://progressivemartialarts.com.au/product-tag/shield/	product_tag-sitemap.xml	2026-08-18T22:43:50+00:00
https://progressivemartialarts.com.au/product-tag/shoot-wrestling/	product_tag-sitemap.xml	2026-08-18T22:46:59+00:00
https://progressivemartialarts.com.au/product-tag/shooto/	product_tag-sitemap.xml	2026-08-18T22:46:59+00:00
https://progressivemartialarts.com.au/product-tag/shorts/	product_tag-sitemap.xml	2026-05-19T05:32:24+00:00
https://progressivemartialarts.com.au/product-tag/sifu/	product_tag-sitemap.xml	2026-08-18T22:49:25+00:00
https://progressivemartialarts.com.au/product-tag/sifu-bruce-lee/	product_tag-sitemap.xml	2026-06-14T22:59:16+00:00
https://progressivemartialarts.com.au/product-tag/sifu-dan-inosanto/	product_tag-sitemap.xml	2026-08-18T22:50:02+00:00
https://progressivemartialarts.com.au/product-tag/sifu-francis-fong/	product_tag-sitemap.xml	2026-08-21T04:30:31+00:00
https://progressivemartialarts.com.au/product-tag/sifu-taky-kimura/	product_tag-sitemap.xml	2026-06-14T22:59:16+00:00
https://progressivemartialarts.com.au/product-tag/singlet/	product_tag-sitemap.xml	2026-06-13T01:51:41+00:00
https://progressivemartialarts.com.au/product-tag/southeast-asian/	product_tag-sitemap.xml	2026-08-18T22:40:40+00:00
https://progressivemartialarts.com.au/product-tag/spear/	product_tag-sitemap.xml	2026-08-18T22:45:52+00:00
https://progressivemartialarts.com.au/product-tag/staff/	product_tag-sitemap.xml	2026-08-18T22:48:20+00:00
https://progressivemartialarts.com.au/product-tag/stick/	product_tag-sitemap.xml	2026-08-18T22:27:58+00:00
https://progressivemartialarts.com.au/product-tag/stick-dagger/	product_tag-sitemap.xml	2026-08-18T22:44:20+00:00
https://progressivemartialarts.com.au/product-tag/stick-and-dagger/	product_tag-sitemap.xml	2026-08-21T04:23:43+00:00
https://progressivemartialarts.com.au/product-tag/sticks/	product_tag-sitemap.xml	2026-06-13T00:53:16+00:00
https://progressivemartialarts.com.au/product-tag/sticky-hands/	product_tag-sitemap.xml	2026-08-18T22:27:13+00:00
https://progressivemartialarts.com.au/product-tag/stockton-california-usa/	product_tag-sitemap.xml	2026-05-17T01:43:12+00:00
https://progressivemartialarts.com.au/product-tag/sulite-dvd/	product_tag-sitemap.xml	2026-08-18T22:57:03+00:00
https://progressivemartialarts.com.au/product-tag/sweatpants/	product_tag-sitemap.xml	2026-06-14T22:59:43+00:00
https://progressivemartialarts.com.au/product-tag/sword/	product_tag-sitemap.xml	2026-08-18T22:45:52+00:00
https://progressivemartialarts.com.au/product-tag/t-shirt/	product_tag-sitemap.xml	2026-07-31T06:08:30+00:00
https://progressivemartialarts.com.au/product-tag/tba-wtba/	product_tag-sitemap.xml	2026-07-31T06:11:09+00:00
https://progressivemartialarts.com.au/product-tag/thai-chi/	product_tag-sitemap.xml	2026-08-18T22:27:13+00:00
https://progressivemartialarts.com.au/product-tag/thai-pads/	product_tag-sitemap.xml	2026-05-17T04:46:34+00:00
https://progressivemartialarts.com.au/product-tag/thumpas/	product_tag-sitemap.xml	2026-06-20T01:34:27+00:00
https://progressivemartialarts.com.au/product-tag/towels/	product_tag-sitemap.xml	2026-04-29T00:11:12+00:00
https://progressivemartialarts.com.au/product-tag/training-dagger/	product_tag-sitemap.xml	2026-06-11T23:39:47+00:00
https://progressivemartialarts.com.au/product-tag/training-equipment/	product_tag-sitemap.xml	2026-05-16T04:28:42+00:00
https://progressivemartialarts.com.au/product-tag/training-music/	product_tag-sitemap.xml	2026-06-11T23:18:02+00:00
https://progressivemartialarts.com.au/product-tag/trapping/	product_tag-sitemap.xml	2026-08-18T22:49:50+00:00
https://progressivemartialarts.com.au/product-tag/triangle-gi/	product_tag-sitemap.xml	2026-07-24T01:05:16+00:00
https://progressivemartialarts.com.au/product-tag/weapon/	product_tag-sitemap.xml	2026-08-18T22:37:35+00:00
https://progressivemartialarts.com.au/product-tag/weapons/	product_tag-sitemap.xml	2026-08-18T22:28:37+00:00
https://progressivemartialarts.com.au/product-tag/wing-chun/	product_tag-sitemap.xml	2026-08-18T22:53:09+00:00
https://progressivemartialarts.com.au/product-tag/wing-chun-kung-fu/	product_tag-sitemap.xml	2026-08-21T04:30:31+00:00
https://progressivemartialarts.com.au/product-tag/women/	product_tag-sitemap.xml	2026-07-31T06:08:30+00:00
https://progressivemartialarts.com.au/product-tag/world-thai-boxing-association/	product_tag-sitemap.xml	2026-07-31T06:11:09+00:00
https://progressivemartialarts.com.au/product-tag/wraps/	product_tag-sitemap.xml	2026-05-20T23:02:00+00:00
https://progressivemartialarts.com.au/product-tag/wtba/	product_tag-sitemap.xml	2026-05-19T05:32:24+00:00
https://progressivemartialarts.com.au/product-tag/yoga-pants/	product_tag-sitemap.xml	2026-05-19T05:05:55+00:00
https://progressivemartialarts.com.au/author/7afa0b863b49dcc6/	author-sitemap.xml	2024-08-29T04:15:53+00:00
https://progressivemartialarts.com.au/author/15ef25c842b4a4bf/	author-sitemap.xml	2024-07-15T12:11:07+00:00
https://progressivemartialarts.com.au/	manual-critical	
https://progressivemartialarts.com.au/shop/	manual-critical	
https://progressivemartialarts.com.au/cart/	manual-critical	
https://progressivemartialarts.com.au/checkout/	manual-critical	
https://progressivemartialarts.com.au/my-account/	manual-critical	
https://progressivemartialarts.com.au/contact/	manual-critical	
https://progressivemartialarts.com.au/?s=test	manual-critical	
https://progressivemartialarts.com.au/this-url-must-404-24826	manual-critical	
